Date,Open,High,Low,Close,Adj Close,Volume
2002-01-02,1.3101399999999999,1.3101399999999999,1.3101399999999999,1.3101399999999999,0.413422,3371589
2002-01-03,1.2922799999999999,1.2922799999999999,1.2922799999999999,1.2922799999999999,0.40778600000000004,487017
2002-01-04,1.3280100000000001,1.3280100000000001,1.3280100000000001,1.3280100000000001,0.41906099999999996,854411
2002-01-07,1.31213,1.31213,1.31213,1.31213,0.41405,727851
2002-01-08,1.3101399999999999,1.3101399999999999,1.3101399999999999,1.3101399999999999,0.413422,1532620
2002-01-09,1.2922799999999999,1.2922799999999999,1.2922799999999999,1.2922799999999999,0.40778600000000004,2860930
2002-01-10,1.29029,1.29029,1.29029,1.29029,0.407158,2874139
2002-01-11,1.29029,1.29029,1.29029,1.29029,0.407158,1317403
2002-01-14,1.29029,1.29029,1.29029,1.29029,0.407158,1004149
2002-01-15,1.29029,1.29029,1.29029,1.29029,0.407158,1691850
2002-01-16,1.29029,1.29029,1.29029,1.29029,0.407158,2545187
2002-01-17,1.29029,1.29029,1.29029,1.29029,0.407158,11854236
2002-01-18,1.29029,1.29029,1.29029,1.29029,0.407158,1691416
2002-01-21,1.36969,1.36969,1.36969,1.36969,0.432213,1056072
2002-01-22,1.38954,1.38954,1.38954,1.38954,0.43847700000000006,1480068
2002-01-23,1.37962,1.37962,1.37962,1.37962,0.43534700000000004,945194
2002-01-24,1.37962,1.37962,1.37962,1.37962,0.43534700000000004,7550330
2002-01-25,1.37962,1.37962,1.37962,1.37962,0.43534700000000004,4220866
2002-01-28,1.4788700000000001,1.4788700000000001,1.4788700000000001,1.4788700000000001,0.46666599999999997,1450406
2002-01-29,1.4788700000000001,1.4788700000000001,1.4788700000000001,1.4788700000000001,0.46666599999999997,5027036
2002-01-30,1.4927700000000002,1.4927700000000002,1.4927700000000002,1.4927700000000002,0.471052,3099315
2002-01-31,1.4927700000000002,1.4927700000000002,1.4927700000000002,1.4927700000000002,0.471052,4231873
2002-02-01,1.4927700000000002,1.4927700000000002,1.4927700000000002,1.4927700000000002,0.471052,4225329
2002-02-04,1.4848299999999999,1.4848299999999999,1.4848299999999999,1.4848299999999999,0.468546,1370424
2002-02-05,1.46895,1.46895,1.46895,1.46895,0.46353500000000003,2876577
2002-02-06,1.4888,1.4888,1.4888,1.4888,0.46979899999999997,4953840
2002-02-07,1.46895,1.46895,1.46895,1.46895,0.46353500000000003,2064518
2002-02-08,1.48681,1.48681,1.48681,1.48681,0.469171,3518627
2002-02-11,1.51262,1.51262,1.51262,1.51262,0.47731599999999996,3387044
2002-02-12,1.50865,1.50865,1.50865,1.50865,0.476063,2825511
2002-02-13,1.50865,1.50865,1.50865,1.50865,0.476063,2538638
2002-02-14,1.52453,1.52453,1.52453,1.52453,0.481074,5368290
2002-02-15,1.5384200000000001,1.5384200000000001,1.5384200000000001,1.5384200000000001,0.48545699999999997,4297730
2002-02-18,1.54835,1.54835,1.54835,1.54835,0.48858999999999997,1616321
2002-02-19,1.54835,1.54835,1.54835,1.54835,0.48858999999999997,4867853
2002-02-20,1.56026,1.56026,1.56026,1.56026,0.492349,2819314
2002-02-21,1.58805,1.58805,1.58805,1.58805,0.5011180000000001,2039340
2002-02-22,1.6079,1.6079,1.6079,1.6079,0.507382,1571597
2002-02-25,1.5682,1.5682,1.5682,1.5682,0.494854,2900002
2002-02-26,1.58805,1.58805,1.58805,1.58805,0.5011180000000001,1427747
2002-02-27,1.59798,1.59798,1.59798,1.59798,0.504251,2663551
2002-02-28,1.58805,1.58805,1.58805,1.58805,0.5011180000000001,2919487
2002-03-01,1.5285,1.5285,1.5285,1.5285,0.48232600000000003,3035670
2002-03-04,1.47689,1.47689,1.47689,1.47689,0.466041,5277396
2002-03-05,1.53445,1.53445,1.53445,1.53445,0.484204,3984541
2002-03-06,1.50865,1.50865,1.50865,1.50865,0.476063,3275577
2002-03-07,1.5384200000000001,1.5384200000000001,1.5384200000000001,1.5384200000000001,0.48545699999999997,5600318
2002-03-08,1.5384200000000001,1.5384200000000001,1.5384200000000001,1.5384200000000001,0.48545699999999997,1840908
2002-03-11,1.5384200000000001,1.5384200000000001,1.5384200000000001,1.5384200000000001,0.48545699999999997,3815071
2002-03-12,1.5384200000000001,1.5384200000000001,1.5384200000000001,1.5384200000000001,0.48545699999999997,360417
2002-03-13,1.54835,1.54835,1.54835,1.54835,0.48858999999999997,692088
2002-03-14,1.5682,1.5682,1.5682,1.5682,0.494854,350165
2002-03-15,1.5682,1.5682,1.5682,1.5682,0.494854,724249
2002-03-18,1.54835,1.54835,1.54835,1.54835,0.48858999999999997,1249038
2002-03-19,1.5384200000000001,1.5384200000000001,1.5384200000000001,1.5384200000000001,0.48545699999999997,1071351
2002-03-20,1.54835,1.54835,1.54835,1.54835,0.48858999999999997,1254831
2002-03-21,1.51857,1.51857,1.51857,1.51857,0.47919300000000004,1626018
2002-03-22,1.53644,1.53644,1.53644,1.53644,0.484832,1148567
2002-03-25,1.54637,1.54637,1.54637,1.54637,0.487966,636690
2002-03-26,1.5443799999999999,1.5443799999999999,1.5443799999999999,1.5443799999999999,0.487338,2115075
2002-03-27,1.56225,1.56225,1.56225,1.56225,0.49297700000000005,770917
2002-04-02,1.56225,1.56225,1.56225,1.56225,0.49297700000000005,1272150
2002-04-03,1.5682,1.5682,1.5682,1.5682,0.494854,1927001
2002-04-04,1.56423,1.56423,1.56423,1.56423,0.493601,824784
2002-04-05,1.5304799999999998,1.5304799999999998,1.5304799999999998,1.5304799999999998,0.482951,3710600
2002-04-08,1.5304799999999998,1.5304799999999998,1.5304799999999998,1.5304799999999998,0.482951,891452
2002-04-09,1.5285,1.5285,1.5285,1.5285,0.48232600000000003,648065
2002-04-10,1.52651,1.52651,1.52651,1.52651,0.481699,1678953
2002-04-11,1.49078,1.49078,1.49078,1.49078,0.47042399999999995,1641504
2002-04-12,1.5146,1.5146,1.5146,1.5146,0.47794,869624
2002-04-15,1.49872,1.49872,1.49872,1.49872,0.472929,2076739
2002-04-16,1.50865,1.50865,1.50865,1.50865,0.476063,967762
2002-04-17,1.53644,1.53644,1.53644,1.53644,0.484832,1009882
2002-04-18,1.51262,1.51262,1.51262,1.51262,0.47731599999999996,1309958
2002-04-19,1.52254,1.52254,1.52254,1.52254,0.480446,378386
2002-04-22,1.5285,1.5285,1.5285,1.5285,0.48232600000000003,508734
2002-04-23,1.51063,1.51063,1.51063,1.51063,0.476688,1322340
2002-04-24,1.53247,1.53247,1.53247,1.53247,0.483579,1024450
2002-04-25,1.4888,1.4888,1.4888,1.4888,0.46979899999999997,1487383
2002-04-26,1.49475,1.49475,1.49475,1.49475,0.47167700000000007,561700
2002-04-29,1.49475,1.49475,1.49475,1.49475,0.47167700000000007,890072
2002-04-30,1.48681,1.48681,1.48681,1.48681,0.469171,1416528
2002-05-02,1.48681,1.48681,1.48681,1.48681,0.469171,953249
2002-05-03,1.50865,1.50865,1.50865,1.50865,0.476063,1070333
2002-05-06,1.50865,1.50865,1.50865,1.50865,0.476063,486720
2002-05-07,1.50865,1.50865,1.50865,1.50865,0.476063,609018
2002-05-08,1.51857,1.51857,1.51857,1.51857,0.47919300000000004,897094
2002-05-09,1.50666,1.50666,1.50666,1.50666,0.47543500000000005,345974
2002-05-10,1.50468,1.50468,1.50468,1.50468,0.47481,756076
2002-05-13,1.4927700000000002,1.4927700000000002,1.4927700000000002,1.4927700000000002,0.471052,642407
2002-05-14,1.54239,1.54239,1.54239,1.54239,0.48671000000000003,913663
2002-05-15,1.54239,1.54239,1.54239,1.54239,0.48671000000000003,1970929
2002-05-16,1.54239,1.54239,1.54239,1.54239,0.48671000000000003,1157565
2002-05-17,1.5384200000000001,1.5384200000000001,1.5384200000000001,1.5384200000000001,0.48545699999999997,580530
2002-05-20,1.50468,1.50468,1.50468,1.50468,0.47481,934655
2002-05-21,1.50468,1.50468,1.50468,1.50468,0.47481,2076840
2002-05-22,1.4491,1.4491,1.4491,1.4491,0.457272,996371
2002-05-23,1.46299,1.46299,1.46299,1.46299,0.46165500000000004,1103073
2002-05-24,1.47689,1.47689,1.47689,1.47689,0.466041,901638
2002-05-27,1.47689,1.47689,1.47689,1.47689,0.466041,2348791
2002-05-28,1.47689,1.47689,1.47689,1.47689,0.466041,38232502
2002-05-29,1.58805,1.58805,1.58805,1.58805,0.5011180000000001,20963458
2002-05-30,1.5682,1.5682,1.5682,1.5682,0.494854,11386498
2002-05-31,1.5682,1.5682,1.5682,1.5682,0.528559,3750070
2002-06-03,1.5384200000000001,1.5384200000000001,1.5384200000000001,1.5384200000000001,0.518522,1918956
2002-06-04,1.54835,1.54835,1.54835,1.54835,0.5218689999999999,35371526
2002-06-05,1.54835,1.54835,1.54835,1.54835,0.5218689999999999,18924945
2002-06-06,1.5384200000000001,1.5384200000000001,1.5384200000000001,1.5384200000000001,0.518522,9956247
2002-06-07,1.51063,1.51063,1.51063,1.51063,0.509155,1740987
2002-06-10,1.56225,1.56225,1.56225,1.56225,0.5265529999999999,604867
2002-06-11,1.5682,1.5682,1.5682,1.5682,0.528559,1146769
2002-06-12,1.5384200000000001,1.5384200000000001,1.5384200000000001,1.5384200000000001,0.518522,1699285
2002-06-13,1.5384200000000001,1.5384200000000001,1.5384200000000001,1.5384200000000001,0.518522,1425143
2002-06-14,1.49872,1.49872,1.49872,1.49872,0.505141,1010909
2002-06-17,1.46895,1.46895,1.46895,1.46895,0.49510699999999996,1052062
2002-06-18,1.48086,1.48086,1.48086,1.48086,0.499121,692542
2002-06-19,1.4491,1.4491,1.4491,1.4491,0.48841599999999996,751124
2002-06-20,1.49872,1.49872,1.49872,1.49872,0.505141,1609948
2002-06-21,1.49872,1.49872,1.49872,1.49872,0.505141,1531079
2002-06-24,1.49872,1.49872,1.49872,1.49872,0.505141,5457098
2002-06-25,1.51063,1.51063,1.51063,1.51063,0.509155,1995976
2002-06-26,1.51063,1.51063,1.51063,1.51063,0.509155,2118209
2002-06-27,1.51063,1.51063,1.51063,1.51063,0.509155,1801362
2002-06-28,1.51063,1.51063,1.51063,1.51063,0.509155,4091475
2002-07-01,1.5205600000000001,1.5205600000000001,1.5205600000000001,1.5205600000000001,0.512502,620675
2002-07-02,1.45902,1.45902,1.45902,1.45902,0.49176000000000003,5639677
2002-07-03,1.46299,1.46299,1.46299,1.46299,0.493098,3679952
2002-07-04,1.45704,1.45704,1.45704,1.45704,0.491093,1718599
2002-07-05,1.45704,1.45704,1.45704,1.45704,0.491093,333893
2002-07-08,1.50865,1.50865,1.50865,1.50865,0.508488,3888776
2002-07-09,1.49872,1.49872,1.49872,1.49872,0.505141,838865
2002-07-10,1.51857,1.51857,1.51857,1.51857,0.511831,1177519
2002-07-11,1.51857,1.51857,1.51857,1.51857,0.511831,3511529
2002-07-12,1.42329,1.42329,1.42329,1.42329,0.479717,1320874
2002-07-15,1.38954,1.38954,1.38954,1.38954,0.468342,3886640
2002-07-16,1.38954,1.38954,1.38954,1.38954,0.468342,725699
2002-07-17,1.3875600000000001,1.3875600000000001,1.3875600000000001,1.3875600000000001,0.467675,1882176
2002-07-18,1.39153,1.39153,1.39153,1.39153,0.469013,6077214
2002-07-19,1.39153,1.39153,1.39153,1.39153,0.469013,496810
2002-07-22,1.39153,1.39153,1.39153,1.39153,0.469013,1061512
2002-07-23,1.39153,1.39153,1.39153,1.39153,0.469013,3839150
2002-07-24,1.29029,1.29029,1.29029,1.29029,0.43488999999999994,5454423
2002-07-25,1.29029,1.29029,1.29029,1.29029,0.43488999999999994,1149605
2002-07-26,1.29029,1.29029,1.29029,1.29029,0.43488999999999994,1423989
2002-07-29,1.29029,1.29029,1.29029,1.29029,0.43488999999999994,3068158
2002-07-30,1.3101399999999999,1.3101399999999999,1.3101399999999999,1.3101399999999999,0.44158000000000003,2314107
2002-07-31,1.3101399999999999,1.3101399999999999,1.3101399999999999,1.3101399999999999,0.44158000000000003,4290390
2002-08-01,1.3597700000000001,1.3597700000000001,1.3597700000000001,1.3597700000000001,0.458308,2100295
2002-08-02,1.3835899999999999,1.3835899999999999,1.3835899999999999,1.3835899999999999,0.466337,1107420
2002-08-05,1.3835899999999999,1.3835899999999999,1.3835899999999999,1.3835899999999999,0.466337,631148
2002-08-06,1.32999,1.32999,1.32999,1.32999,0.44827100000000003,403710
2002-08-07,1.37366,1.37366,1.37366,1.37366,0.46298999999999996,1824233
2002-08-08,1.32999,1.32999,1.32999,1.32999,0.44827100000000003,1120004
2002-08-09,1.32999,1.32999,1.32999,1.32999,0.44827100000000003,581659
2002-08-12,1.3022,1.3022,1.3022,1.3022,0.438904,283134
2002-08-13,1.3022,1.3022,1.3022,1.3022,0.438904,894364
2002-08-14,1.27243,1.27243,1.27243,1.27243,0.42887,1423163
2002-08-16,1.27441,1.27441,1.27441,1.27441,0.42953800000000003,1760578
2002-08-19,1.3161,1.3161,1.3161,1.3161,0.443589,435684
2002-08-20,1.3161,1.3161,1.3161,1.3161,0.443589,281401
2002-08-21,1.2783799999999998,1.2783799999999998,1.2783799999999998,1.2783799999999998,0.43087600000000004,954206
2002-08-22,1.29029,1.29029,1.29029,1.29029,0.43488999999999994,3729436
2002-08-23,1.28235,1.28235,1.28235,1.28235,0.43221400000000004,664487
2002-08-26,1.28235,1.28235,1.28235,1.28235,0.43221400000000004,308590
2002-08-27,1.2764,1.2764,1.2764,1.2764,0.430208,840189
2002-08-28,1.2764,1.2764,1.2764,1.2764,0.430208,1018179
2002-08-29,1.25655,1.25655,1.25655,1.25655,0.423518,489687
2002-08-30,1.24662,1.24662,1.24662,1.24662,0.420171,898077
2002-09-02,1.23868,1.23868,1.23868,1.23868,0.417495,776937
2002-09-03,1.23868,1.23868,1.23868,1.23868,0.417495,1696917
2002-09-04,1.2684600000000001,1.2684600000000001,1.2684600000000001,1.2684600000000001,0.42753199999999997,406838
2002-09-05,1.26052,1.26052,1.26052,1.26052,0.42485600000000007,3256026
2002-09-06,1.26052,1.26052,1.26052,1.26052,0.42485600000000007,1600664
2002-09-09,1.26052,1.26052,1.26052,1.26052,0.42485600000000007,2473431
2002-09-10,1.26052,1.26052,1.26052,1.26052,0.42485600000000007,831404
2002-09-11,1.34389,1.34389,1.34389,1.34389,0.452956,601331
2002-09-12,1.34389,1.34389,1.34389,1.34389,0.452956,458187
2002-09-13,1.2863200000000001,1.2863200000000001,1.2863200000000001,1.2863200000000001,0.43355200000000005,1339498
2002-09-16,1.2863200000000001,1.2863200000000001,1.2863200000000001,1.2863200000000001,0.43355200000000005,1238046
2002-09-17,1.27044,1.27044,1.27044,1.27044,0.428199,2319184
2002-09-18,1.27044,1.27044,1.27044,1.27044,0.428199,810276
2002-09-19,1.27044,1.27044,1.27044,1.27044,0.428199,1624204
2002-09-20,1.15134,1.15134,1.15134,1.15134,0.38805700000000004,1740357
2002-09-23,1.14935,1.14935,1.14935,1.14935,0.387386,615768
2002-09-24,1.14737,1.14737,1.14737,1.14737,0.386719,763799
2002-09-25,1.1434,1.1434,1.1434,1.1434,0.385381,1424337
2002-09-26,1.15134,1.15134,1.15134,1.15134,0.38805700000000004,1279072
2002-09-27,1.15134,1.15134,1.15134,1.15134,0.38805700000000004,612565
2002-09-30,1.1314899999999999,1.1314899999999999,1.1314899999999999,1.1314899999999999,0.381367,835726
2002-10-01,1.1215600000000001,1.1215600000000001,1.1215600000000001,1.1215600000000001,0.37801999999999997,1780310
2002-10-02,1.1215600000000001,1.1215600000000001,1.1215600000000001,1.1215600000000001,0.37801999999999997,1741430
2002-10-03,1.1592799999999999,1.1592799999999999,1.1592799999999999,1.1592799999999999,0.390733,760353
2002-10-04,1.14141,1.14141,1.14141,1.14141,0.38471,1585123
2002-10-07,1.14141,1.14141,1.14141,1.14141,0.38471,1254242
2002-10-08,1.14141,1.14141,1.14141,1.14141,0.38471,5008291
2002-10-09,1.11164,1.11164,1.11164,1.11164,0.374676,1281228
2002-10-10,1.11164,1.11164,1.11164,1.11164,0.374676,601442
2002-10-11,1.1215600000000001,1.1215600000000001,1.1215600000000001,1.1215600000000001,0.37801999999999997,8003822
2002-10-14,1.1215600000000001,1.1215600000000001,1.1215600000000001,1.1215600000000001,0.37801999999999997,6585243
2002-10-15,1.1215600000000001,1.1215600000000001,1.1215600000000001,1.1215600000000001,0.37801999999999997,4434406
2002-10-16,1.1692,1.1692,1.1692,1.1692,0.394077,1978032
2002-10-17,1.1692,1.1692,1.1692,1.1692,0.394077,6897797
2002-10-18,1.17119,1.17119,1.17119,1.17119,0.39474699999999996,8299666
2002-10-21,1.1910399999999999,1.1910399999999999,1.1910399999999999,1.1910399999999999,0.401438,2324610
2002-10-22,1.2089,1.2089,1.2089,1.2089,0.407457,2552593
2002-10-23,1.2089,1.2089,1.2089,1.2089,0.407457,3011988
2002-10-24,1.2089,1.2089,1.2089,1.2089,0.407457,2076054
2002-10-25,1.32007,1.32007,1.32007,1.32007,0.444927,2180811
2002-10-28,1.32999,1.32999,1.32999,1.32999,0.44827100000000003,1176944
2002-10-29,1.3161,1.3161,1.3161,1.3161,0.443589,1085506
2002-10-30,1.3101399999999999,1.3101399999999999,1.3101399999999999,1.3101399999999999,0.44158000000000003,1294835
2002-10-31,1.3558,1.3558,1.3558,1.3558,0.45697,1242615
2002-11-01,1.3558,1.3558,1.3558,1.3558,0.45697,0
2002-11-04,1.3558,1.3558,1.3558,1.3558,0.45697,4706951
2002-11-05,1.3558,1.3558,1.3558,1.3558,0.45697,2187345
2002-11-06,1.3558,1.3558,1.3558,1.3558,0.45697,3414489
2002-11-07,1.3558,1.3558,1.3558,1.3558,0.45697,1299726
2002-11-08,1.32999,1.32999,1.32999,1.32999,0.44827100000000003,792438
2002-11-11,1.32007,1.32007,1.32007,1.32007,0.444927,871186
2002-11-12,1.32007,1.32007,1.32007,1.32007,0.444927,776373
2002-11-13,1.37763,1.37763,1.37763,1.37763,0.46432799999999996,673867
2002-11-14,1.34786,1.34786,1.34786,1.34786,0.454294,1390902
2002-11-15,1.35778,1.35778,1.35778,1.35778,0.457637,969213
2002-11-18,1.37168,1.37168,1.37168,1.37168,0.462322,718667
2002-11-19,1.3875600000000001,1.3875600000000001,1.3875600000000001,1.3875600000000001,0.467675,900409
2002-11-20,1.3835899999999999,1.3835899999999999,1.3835899999999999,1.3835899999999999,0.466337,833605
2002-11-21,1.3955,1.3955,1.3955,1.3955,0.470351,565715
2002-11-22,1.3816,1.3816,1.3816,1.3816,0.46566599999999997,745014
2002-11-25,1.3816,1.3816,1.3816,1.3816,0.46566599999999997,1447555
2002-11-26,1.44513,1.44513,1.44513,1.44513,0.48707799999999996,17049378
2002-11-27,1.45902,1.45902,1.45902,1.45902,0.49176000000000003,5443653
2002-11-28,1.4888,1.4888,1.4888,1.4888,0.501797,2814514
2002-11-29,1.4888,1.4888,1.4888,1.4888,0.501797,1285037
2002-12-02,1.4888,1.4888,1.4888,1.4888,0.501797,835358
2002-12-03,1.52651,1.52651,1.52651,1.52651,0.514508,2291523
2002-12-04,1.50468,1.50468,1.50468,1.50468,0.50715,4069732
2002-12-05,1.5285,1.5285,1.5285,1.5285,0.515178,5040144
2002-12-06,1.5285,1.5285,1.5285,1.5285,0.515178,0
2002-12-09,1.51857,1.51857,1.51857,1.51857,0.511831,2586551
2002-12-10,1.51262,1.51262,1.51262,1.51262,0.509826,41108988
2002-12-11,1.49674,1.49674,1.49674,1.49674,0.504473,22438312
2002-12-12,1.5146,1.5146,1.5146,1.5146,0.510493,19064053
2002-12-13,1.5026899999999999,1.5026899999999999,1.5026899999999999,1.5026899999999999,0.506479,2111816
2002-12-16,1.5026899999999999,1.5026899999999999,1.5026899999999999,1.5026899999999999,0.5387460000000001,1514520
2002-12-17,1.5285,1.5285,1.5285,1.5285,0.547999,40900884
2002-12-18,1.53644,1.53644,1.53644,1.53644,0.5508460000000001,18647825
2002-12-19,1.49475,1.49475,1.49475,1.49475,0.535899,20494914
2002-12-20,1.49475,1.49475,1.49475,1.49475,0.535899,3167983
2002-12-23,1.52651,1.52651,1.52651,1.52651,0.5472859999999999,474851
2002-12-24,1.52651,1.52651,1.52651,1.52651,0.5472859999999999,0
2002-12-25,1.52651,1.52651,1.52651,1.52651,0.5472859999999999,0
2002-12-26,1.52651,1.52651,1.52651,1.52651,0.5472859999999999,0
2002-12-27,1.51857,1.51857,1.51857,1.51857,0.544439,321375
2002-12-30,1.51857,1.51857,1.51857,1.51857,0.544439,924711
2002-12-31,1.53445,1.53445,1.53445,1.53445,0.550132,0
2003-01-01,1.53445,1.53445,1.53445,1.53445,0.550132,0
2003-01-02,1.53247,1.53247,1.53247,1.53247,0.549423,1188843
2003-01-03,1.5285,1.5285,1.5285,1.5285,0.547999,398446
2003-01-06,1.5285,1.5285,1.5285,1.5285,0.547999,0
2003-01-07,1.5285,1.5285,1.5285,1.5285,0.547999,4882386
2003-01-08,1.4848299999999999,1.4848299999999999,1.4848299999999999,1.4848299999999999,0.532343,6439792
2003-01-09,1.4888,1.4888,1.4888,1.4888,0.533766,2417111
2003-01-10,1.50071,1.50071,1.50071,1.50071,0.538036,3309314
2003-01-13,1.52254,1.52254,1.52254,1.52254,0.545862,1686696
2003-01-14,1.50865,1.50865,1.50865,1.50865,0.540883,2176383
2003-01-15,1.5384200000000001,1.5384200000000001,1.5384200000000001,1.5384200000000001,0.551556,688587
2003-01-16,1.5205600000000001,1.5205600000000001,1.5205600000000001,1.5205600000000001,0.545153,1180158
2003-01-17,1.51857,1.51857,1.51857,1.51857,0.544439,975747
2003-01-20,1.4888,1.4888,1.4888,1.4888,0.533766,1049341
2003-01-21,1.5285,1.5285,1.5285,1.5285,0.547999,632025
2003-01-22,1.5285,1.5285,1.5285,1.5285,0.547999,2718315
2003-01-23,1.57019,1.57019,1.57019,1.57019,0.5629460000000001,8674908
2003-01-24,1.57019,1.57019,1.57019,1.57019,0.5629460000000001,3731587
2003-01-27,1.5443799999999999,1.5443799999999999,1.5443799999999999,1.5443799999999999,0.553693,1821226
2003-01-28,1.50865,1.50865,1.50865,1.50865,0.540883,2290072
2003-01-29,1.52254,1.52254,1.52254,1.52254,0.545862,950700
2003-01-30,1.50865,1.50865,1.50865,1.50865,0.540883,1522807
2003-01-31,1.50865,1.50865,1.50865,1.50865,0.540883,2689706
2003-02-03,1.5682,1.5682,1.5682,1.5682,0.562232,716894
2003-02-04,1.5384200000000001,1.5384200000000001,1.5384200000000001,1.5384200000000001,0.551556,787194
2003-02-05,1.57813,1.57813,1.57813,1.57813,0.565793,1151192
2003-02-06,1.57416,1.57416,1.57416,1.57416,0.564369,2647511
2003-02-07,1.51063,1.51063,1.51063,1.51063,0.541593,687328
2003-02-10,1.4888,1.4888,1.4888,1.4888,0.533766,428777
2003-02-11,1.48681,1.48681,1.48681,1.48681,0.5330520000000001,2335028
2003-02-12,1.4709299999999998,1.4709299999999998,1.4709299999999998,1.4709299999999998,0.527359,3559290
2003-02-13,1.45902,1.45902,1.45902,1.45902,0.523089,3012104
2003-02-14,1.4888,1.4888,1.4888,1.4888,0.533766,7108637
2003-02-17,1.50666,1.50666,1.50666,1.50666,0.540169,1678082
2003-02-18,1.49872,1.49872,1.49872,1.49872,0.5373220000000001,1540912
2003-02-19,1.51063,1.51063,1.51063,1.51063,0.541593,1447565
2003-02-20,1.51857,1.51857,1.51857,1.51857,0.544439,659707
2003-02-21,1.51857,1.51857,1.51857,1.51857,0.544439,975102
2003-02-24,1.5285,1.5285,1.5285,1.5285,0.547999,545610
2003-02-25,1.4888,1.4888,1.4888,1.4888,0.533766,2311573
2003-02-26,1.49872,1.49872,1.49872,1.49872,0.5373220000000001,1377331
2003-02-27,1.49872,1.49872,1.49872,1.49872,0.5373220000000001,1783494
2003-02-28,1.50071,1.50071,1.50071,1.50071,0.538036,1481977
2003-03-03,1.5026899999999999,1.5026899999999999,1.5026899999999999,1.5026899999999999,0.5387460000000001,888989
2003-03-04,1.5146,1.5146,1.5146,1.5146,0.5430159999999999,1579087
2003-03-05,1.5304799999999998,1.5304799999999998,1.5304799999999998,1.5304799999999998,0.548709,1976606
2003-03-06,1.5285,1.5285,1.5285,1.5285,0.547999,1989956
2003-03-07,1.51857,1.51857,1.51857,1.51857,0.544439,9854664
2003-03-10,1.49475,1.49475,1.49475,1.49475,0.535899,1409098
2003-03-11,1.45704,1.45704,1.45704,1.45704,0.522379,3485892
2003-03-12,1.4491,1.4491,1.4491,1.4491,0.519533,1641675
2003-03-13,1.45704,1.45704,1.45704,1.45704,0.522379,829127
2003-03-14,1.4848299999999999,1.4848299999999999,1.4848299999999999,1.4848299999999999,0.532343,1267662
2003-03-17,1.48681,1.48681,1.48681,1.48681,0.5330520000000001,275573
2003-03-18,1.52651,1.52651,1.52651,1.52651,0.5472859999999999,1180954
2003-03-19,1.52254,1.52254,1.52254,1.52254,0.545862,1243073
2003-03-20,1.50666,1.50666,1.50666,1.50666,0.540169,1492874
2003-03-21,1.50468,1.50468,1.50468,1.50468,0.539459,1031317
2003-03-24,1.4888,1.4888,1.4888,1.4888,0.533766,1014874
2003-03-25,1.50865,1.50865,1.50865,1.50865,0.540883,3195730
2003-03-26,1.4888,1.4888,1.4888,1.4888,0.533766,1546277
2003-03-27,1.46498,1.46498,1.46498,1.46498,0.525226,963495
2003-03-28,1.4491,1.4491,1.4491,1.4491,0.519533,1025161
2003-03-31,1.4491,1.4491,1.4491,1.4491,0.519533,753391
2003-04-01,1.5026899999999999,1.5026899999999999,1.5026899999999999,1.5026899999999999,0.5387460000000001,1453248
2003-04-02,1.4788700000000001,1.4788700000000001,1.4788700000000001,1.4788700000000001,0.5302060000000001,1307635
2003-04-03,1.47689,1.47689,1.47689,1.47689,0.529496,1033216
2003-04-04,1.4848299999999999,1.4848299999999999,1.4848299999999999,1.4848299999999999,0.532343,1308638
2003-04-07,1.4888,1.4888,1.4888,1.4888,0.533766,2939583
2003-04-08,1.4888,1.4888,1.4888,1.4888,0.533766,574253
2003-04-09,1.48681,1.48681,1.48681,1.48681,0.5330520000000001,775748
2003-04-10,1.46696,1.46696,1.46696,1.46696,0.525936,2071868
2003-04-11,1.4491,1.4491,1.4491,1.4491,0.519533,2590632
2003-04-14,1.45307,1.45307,1.45307,1.45307,0.5209560000000001,1500778
2003-04-15,1.45902,1.45902,1.45902,1.45902,0.523089,2911850
2003-04-16,1.45108,1.45108,1.45108,1.45108,0.520243,4013004
2003-04-17,1.4471100000000001,1.4471100000000001,1.4471100000000001,1.4471100000000001,0.5188189999999999,1249098
2003-04-18,1.4471100000000001,1.4471100000000001,1.4471100000000001,1.4471100000000001,0.5188189999999999,0
2003-04-21,1.4471100000000001,1.4471100000000001,1.4471100000000001,1.4471100000000001,0.5188189999999999,0
2003-04-22,1.4471100000000001,1.4471100000000001,1.4471100000000001,1.4471100000000001,0.5188189999999999,2453689
2003-04-23,1.51262,1.51262,1.51262,1.51262,0.5423060000000001,2869308
2003-04-24,1.51262,1.51262,1.51262,1.51262,0.5423060000000001,4010243
2003-04-25,1.5285,1.5285,1.5285,1.5285,0.547999,1039150
2003-04-28,1.5662200000000002,1.5662200000000002,1.5662200000000002,1.5662200000000002,0.561523,1164622
2003-04-29,1.57019,1.57019,1.57019,1.57019,0.5629460000000001,1236927
2003-04-30,1.57019,1.57019,1.57019,1.57019,0.5629460000000001,4537657
2003-05-01,1.66745,1.66745,1.66745,1.66745,0.597816,0
2003-05-02,1.66745,1.66745,1.66745,1.66745,0.597816,2622787
2003-05-05,1.72701,1.72701,1.72701,1.72701,0.619169,1505694
2003-05-06,1.7667099999999998,1.7667099999999998,1.7667099999999998,1.7667099999999998,0.6334029999999999,3972985
2003-05-07,1.7667099999999998,1.7667099999999998,1.7667099999999998,1.7667099999999998,0.6334029999999999,1609762
2003-05-08,1.7667099999999998,1.7667099999999998,1.7667099999999998,1.7667099999999998,0.6334029999999999,1856877
2003-05-09,1.73495,1.73495,1.73495,1.73495,0.622016,2285604
2003-05-12,1.73495,1.73495,1.73495,1.73495,0.622016,2265428
2003-05-13,1.8064099999999998,1.8064099999999998,1.8064099999999998,1.8064099999999998,0.647636,1215825
2003-05-14,1.8064099999999998,1.8064099999999998,1.8064099999999998,1.8064099999999998,0.647636,2090139
2003-05-15,1.8064099999999998,1.8064099999999998,1.8064099999999998,1.8064099999999998,0.647636,736067
2003-05-16,1.71708,1.71708,1.71708,1.71708,0.615609,828966
2003-05-19,1.69723,1.69723,1.69723,1.69723,0.608492,693781
2003-05-20,1.69524,1.69524,1.69524,1.69524,0.607779,1237587
2003-05-21,1.69524,1.69524,1.69524,1.69524,0.607779,1854414
2003-05-22,1.7329599999999998,1.7329599999999998,1.7329599999999998,1.7329599999999998,0.621302,1735818
2003-05-23,1.7369299999999999,1.7369299999999999,1.7369299999999999,1.7369299999999999,0.622726,887362
2003-05-26,1.6992099999999999,1.6992099999999999,1.6992099999999999,1.6992099999999999,0.609202,240682
2003-05-27,1.71311,1.71311,1.71311,1.71311,0.614186,81592228
2003-05-28,1.7667099999999998,1.7667099999999998,1.7667099999999998,1.7667099999999998,0.6334029999999999,48446610
2003-05-29,1.77862,1.77862,1.77862,1.77862,0.637672,3653177
2003-05-30,1.7667099999999998,1.7667099999999998,1.7667099999999998,1.7667099999999998,0.6334029999999999,8135193
2003-06-02,1.7964799999999999,1.7964799999999999,1.7964799999999999,1.7964799999999999,0.682719,2149835
2003-06-03,1.80045,1.80045,1.80045,1.80045,0.684228,81820004
2003-06-04,1.82824,1.82824,1.82824,1.82824,0.694789,45874773
2003-06-05,1.8560400000000001,1.8560400000000001,1.8560400000000001,1.8560400000000001,0.705354,2680825
2003-06-06,1.8659599999999998,1.8659599999999998,1.8659599999999998,1.8659599999999998,0.709124,2200372
2003-06-09,1.8103799999999999,1.8103799999999999,1.8103799999999999,1.8103799999999999,0.688002,2219717
2003-06-10,1.8103799999999999,1.8103799999999999,1.8103799999999999,1.8103799999999999,0.688002,2396955
2003-06-11,1.7508299999999999,1.7508299999999999,1.7508299999999999,1.7508299999999999,0.665371,4896985
2003-06-12,1.8123599999999997,1.8123599999999997,1.8123599999999997,1.8123599999999997,0.688754,5958855
2003-06-13,1.86001,1.86001,1.86001,1.86001,0.706863,1405778
2003-06-16,1.8659599999999998,1.8659599999999998,1.8659599999999998,1.8659599999999998,0.709124,1503221
2003-06-17,1.84412,1.84412,1.84412,1.84412,0.700824,2608822
2003-06-18,1.8480900000000002,1.8480900000000002,1.8480900000000002,1.8480900000000002,0.702333,2210281
2003-06-19,1.8262599999999998,1.8262599999999998,1.8262599999999998,1.8262599999999998,0.694036,651848
2003-06-20,1.7885400000000002,1.7885400000000002,1.7885400000000002,1.7885400000000002,0.679702,2481416
2003-06-23,1.85008,1.85008,1.85008,1.85008,0.7030890000000001,2168600
2003-06-24,1.8520599999999998,1.8520599999999998,1.8520599999999998,1.8520599999999998,0.7038409999999999,909870
2003-06-25,1.8262599999999998,1.8262599999999998,1.8262599999999998,1.8262599999999998,0.694036,2270279
2003-06-26,1.84611,1.84611,1.84611,1.84611,0.70158,2814121
2003-06-27,1.8083900000000002,1.8083900000000002,1.8083900000000002,1.8083900000000002,0.687245,2572803
2003-06-30,1.8083900000000002,1.8083900000000002,1.8083900000000002,1.8083900000000002,0.687245,12572853
2003-07-01,1.8262599999999998,1.8262599999999998,1.8262599999999998,1.8262599999999998,0.694036,4601413
2003-07-02,1.8659599999999998,1.8659599999999998,1.8659599999999998,1.8659599999999998,0.709124,2156051
2003-07-03,1.8858099999999998,1.8858099999999998,1.8858099999999998,1.8858099999999998,0.716667,2908334
2003-07-04,1.8858099999999998,1.8858099999999998,1.8858099999999998,1.8858099999999998,0.716667,2294959
2003-07-07,1.96124,1.96124,1.96124,1.96124,0.745333,2011260
2003-07-08,1.91757,1.91757,1.91757,1.91757,0.728737,3729698
2003-07-09,1.9453599999999998,1.9453599999999998,1.9453599999999998,1.9453599999999998,0.739298,1778346
2003-07-10,1.9036799999999998,1.9036799999999998,1.9036799999999998,1.9036799999999998,0.723459,1932341
2003-07-11,1.93345,1.93345,1.93345,1.93345,0.734772,1272070
2003-07-14,2.00094,2.00094,2.00094,2.00094,0.76042,2633643
2003-07-15,1.9751400000000001,1.9751400000000001,1.9751400000000001,1.9751400000000001,0.750616,1627489
2003-07-16,1.9810900000000002,1.9810900000000002,1.9810900000000002,1.9810900000000002,0.752877,2212745
2003-07-17,2.02477,2.02477,2.02477,2.02477,0.7694770000000001,1884619
2003-07-18,2.02477,2.02477,2.02477,2.02477,0.7694770000000001,2324544
2003-07-21,2.02477,2.02477,2.02477,2.02477,0.7694770000000001,2144475
2003-07-22,1.9413900000000002,1.9413900000000002,1.9413900000000002,1.9413900000000002,0.73779,1501866
2003-07-23,1.9215400000000002,1.9215400000000002,1.9215400000000002,1.9215400000000002,0.730246,1727869
2003-07-24,1.9215400000000002,1.9215400000000002,1.9215400000000002,1.9215400000000002,0.730246,1251682
2003-07-25,1.9255099999999998,1.9255099999999998,1.9255099999999998,1.9255099999999998,0.731755,2431478
2003-07-28,1.9672,1.9672,1.9672,1.9672,0.747598,1050994
2003-07-29,1.9255099999999998,1.9255099999999998,1.9255099999999998,1.9255099999999998,0.731755,1505281
2003-07-30,1.94735,1.94735,1.94735,1.94735,0.740054,2239494
2003-07-31,2.0188099999999998,2.0188099999999998,2.0188099999999998,2.0188099999999998,0.767212,3254867
2003-08-01,2.0545400000000003,2.0545400000000003,2.0545400000000003,2.0545400000000003,0.78079,2231197
2003-08-04,2.00094,2.00094,2.00094,2.00094,0.76042,1603233
2003-08-05,2.02675,2.02675,2.02675,2.02675,0.7702289999999999,982845
2003-08-06,2.01683,2.01683,2.01683,2.01683,0.766459,1273415
2003-08-07,2.03271,2.03271,2.03271,2.03271,0.772494,633642
2003-08-08,2.01087,2.01087,2.01087,2.01087,0.7641939999999999,551327
2003-08-11,2.0346900000000003,2.0346900000000003,2.0346900000000003,2.0346900000000003,0.773246,742198
2003-08-12,2.02278,2.02278,2.02278,2.02278,0.76872,477103
2003-08-13,2.03271,2.03271,2.03271,2.03271,0.772494,942544
2003-08-14,2.06447,2.06447,2.06447,2.06447,0.784564,1089113
2003-08-15,2.06447,2.06447,2.06447,2.06447,0.784564,0
2003-08-18,2.02874,2.02874,2.02874,2.02874,0.770985,2086320
2003-08-19,2.01286,2.01286,2.01286,2.01286,0.76495,1234323
2003-08-20,2.0069,2.0069,2.0069,2.0069,0.7626850000000001,1833643
2003-08-21,2.01087,2.01087,2.01087,2.01087,0.7641939999999999,827953
2003-08-22,2.00094,2.00094,2.00094,2.00094,0.76042,1606613
2003-08-25,1.99499,1.99499,1.99499,1.99499,0.758159,1489634
2003-08-26,1.9969700000000001,1.9969700000000001,1.9969700000000001,1.9969700000000001,0.758912,1510964
2003-08-27,1.9890299999999999,1.9890299999999999,1.9890299999999999,1.9890299999999999,0.755894,395710
2003-08-28,1.9969700000000001,1.9969700000000001,1.9969700000000001,1.9969700000000001,0.758912,846668
2003-08-29,1.9850599999999998,1.9850599999999998,1.9850599999999998,1.9850599999999998,0.7543850000000001,1639176
2003-09-01,1.99102,1.99102,1.99102,1.99102,0.75665,1362006
2003-09-02,2.00094,2.00094,2.00094,2.00094,0.76042,785965
2003-09-03,1.9850599999999998,1.9850599999999998,1.9850599999999998,1.9850599999999998,0.7543850000000001,3059705
2003-09-04,1.99499,1.99499,1.99499,1.99499,0.758159,1191584
2003-09-05,1.99499,1.99499,1.99499,1.99499,0.758159,2766621
2003-09-08,1.99499,1.99499,1.99499,1.99499,0.758159,1704272
2003-09-09,1.97911,1.97911,1.97911,1.97911,0.752124,1107788
2003-09-10,1.97911,1.97911,1.97911,1.97911,0.752124,2321658
2003-09-11,1.93544,1.93544,1.93544,1.93544,0.735528,1175670
2003-09-12,1.93544,1.93544,1.93544,1.93544,0.735528,1331514
2003-09-15,1.9294799999999999,1.9294799999999999,1.9294799999999999,1.9294799999999999,0.733263,716516
2003-09-16,1.91956,1.91956,1.91956,1.91956,0.7294930000000001,2691656
2003-09-17,1.90169,1.90169,1.90169,1.90169,0.7227020000000001,2615029
2003-09-18,1.88978,1.88978,1.88978,1.88978,0.718176,3481943
2003-09-19,1.88978,1.88978,1.88978,1.88978,0.718176,2913155
2003-09-22,1.88978,1.88978,1.88978,1.88978,0.718176,1839618
2003-09-23,1.8659599999999998,1.8659599999999998,1.8659599999999998,1.8659599999999998,0.709124,3669932
2003-09-24,1.8858099999999998,1.8858099999999998,1.8858099999999998,1.8858099999999998,0.716667,908328
2003-09-25,1.86001,1.86001,1.86001,1.86001,0.706863,1050651
2003-09-26,1.8342,1.8342,1.8342,1.8342,0.697054,792886
2003-09-29,1.83817,1.83817,1.83817,1.83817,0.698563,2246879
2003-09-30,1.86001,1.86001,1.86001,1.86001,0.706863,4023905
2003-10-01,1.84015,1.84015,1.84015,1.84015,0.6993149999999999,2090199
2003-10-02,1.88978,1.88978,1.88978,1.88978,0.718176,2681233
2003-10-03,1.87589,1.87589,1.87589,1.87589,0.712897,2838205
2003-10-06,1.8778700000000002,1.8778700000000002,1.8778700000000002,1.8778700000000002,0.71365,740853
2003-10-07,1.8699299999999999,1.8699299999999999,1.8699299999999999,1.8699299999999999,0.710633,1210636
2003-10-08,1.8957400000000002,1.8957400000000002,1.8957400000000002,1.8957400000000002,0.720441,1608935
2003-10-09,1.90566,1.90566,1.90566,1.90566,0.7242109999999999,647012
2003-10-10,1.9413900000000002,1.9413900000000002,1.9413900000000002,1.9413900000000002,0.73779,1522450
2003-10-13,1.9374200000000001,1.9374200000000001,1.9374200000000001,1.9374200000000001,0.7362810000000001,601960
2003-10-14,1.94735,1.94735,1.94735,1.94735,0.740054,467375
2003-10-15,1.98308,1.98308,1.98308,1.98308,0.753633,1568438
2003-10-16,1.9513200000000002,1.9513200000000002,1.9513200000000002,1.9513200000000002,0.741563,2148575
2003-10-17,1.97712,1.97712,1.97712,1.97712,0.751368,1101773
2003-10-20,1.97712,1.97712,1.97712,1.97712,0.751368,2809808
2003-10-21,1.99499,1.99499,1.99499,1.99499,0.758159,2063273
2003-10-22,2.04462,2.04462,2.04462,2.04462,0.7770199999999999,1525905
2003-10-23,2.0485900000000004,2.0485900000000004,2.0485900000000004,2.0485900000000004,0.778529,1343281
2003-10-24,1.99499,1.99499,1.99499,1.99499,0.758159,1136346
2003-10-27,2.00094,2.00094,2.00094,2.00094,0.76042,1069396
2003-10-28,2.00094,2.00094,2.00094,2.00094,0.76042,2247111
2003-10-29,2.03072,2.03072,2.03072,2.03072,0.771738,3921304
2003-10-30,2.08432,2.08432,2.08432,2.08432,0.792108,2262133
2003-10-31,2.12799,2.12799,2.12799,2.12799,0.808703,21370457
2003-11-03,2.126,2.126,2.126,2.126,0.807947,3129279
2003-11-04,2.16372,2.16372,2.16372,2.16372,0.822282,1943252
2003-11-05,2.17563,2.17563,2.17563,2.17563,0.826808,4222357
2003-11-06,2.14585,2.14585,2.14585,2.14585,0.815491,1348304
2003-11-07,2.16372,2.16372,2.16372,2.16372,0.822282,4124995
2003-11-10,2.14387,2.14387,2.14387,2.14387,0.814738,40468208
2003-11-11,2.13394,2.13394,2.13394,2.13394,0.8109649999999999,52805436
2003-11-12,2.1537900000000003,2.1537900000000003,2.1537900000000003,2.1537900000000003,0.818508,5283970
2003-11-13,2.16372,2.16372,2.16372,2.16372,0.822282,4982726
2003-11-14,2.15578,2.15578,2.15578,2.15578,0.863145,3263708
2003-11-17,2.15578,2.15578,2.15578,2.15578,0.863145,36004387
2003-11-18,2.04462,2.04462,2.04462,2.04462,0.818639,56169483
2003-11-19,2.06248,2.06248,2.06248,2.06248,0.825789,1461802
2003-11-20,2.0605,2.0605,2.0605,2.0605,0.824996,3786124
2003-11-21,2.06645,2.06645,2.06645,2.06645,0.8273790000000001,3176492
2003-11-24,2.06645,2.06645,2.06645,2.06645,0.8273790000000001,2412668
2003-11-25,2.21732,2.21732,2.21732,2.21732,0.887785,4400487
2003-11-26,2.16372,2.16372,2.16372,2.16372,0.866324,1535482
2003-11-27,2.18953,2.18953,2.18953,2.18953,0.8766579999999999,605608
2003-11-28,2.13593,2.13593,2.13593,2.13593,0.8551979999999999,1948320
2003-12-01,2.17762,2.17762,2.17762,2.17762,0.8718899999999999,911190
2003-12-02,2.14982,2.14982,2.14982,2.14982,0.860759,2670297
2003-12-03,2.17365,2.17365,2.17365,2.17365,0.8703,1456129
2003-12-04,2.17563,2.17563,2.17563,2.17563,0.871093,1096388
2003-12-05,2.1815900000000004,2.1815900000000004,2.1815900000000004,2.1815900000000004,0.8734790000000001,906575
2003-12-08,2.1815900000000004,2.1815900000000004,2.1815900000000004,2.1815900000000004,0.8734790000000001,0
2003-12-09,2.14784,2.14784,2.14784,2.14784,0.859966,1861708
2003-12-10,2.1399,2.1399,2.1399,2.1399,0.8567870000000001,7207747
2003-12-11,2.13394,2.13394,2.13394,2.13394,0.8544010000000001,19215615
2003-12-12,2.1676900000000003,2.1676900000000003,2.1676900000000003,2.1676900000000003,0.867914,1441838
2003-12-15,2.2054099999999996,2.2054099999999996,2.2054099999999996,2.2054099999999996,0.883017,2618449
2003-12-16,2.1875400000000003,2.1875400000000003,2.1875400000000003,2.1875400000000003,0.875862,1506123
2003-12-17,2.24114,2.24114,2.24114,2.24114,0.897323,2321325
2003-12-18,2.27687,2.27687,2.27687,2.27687,0.9116280000000001,3520108
2003-12-19,2.28282,2.28282,2.28282,2.28282,0.914011,4930193
2003-12-22,2.30267,2.30267,2.30267,2.30267,0.9219579999999999,1467575
2003-12-23,2.2570200000000002,2.2570200000000002,2.2570200000000002,2.2570200000000002,0.903681,3721315
2003-12-24,2.2570200000000002,2.2570200000000002,2.2570200000000002,2.2570200000000002,0.903681,0
2003-12-25,2.2570200000000002,2.2570200000000002,2.2570200000000002,2.2570200000000002,0.903681,0
2003-12-26,2.2570200000000002,2.2570200000000002,2.2570200000000002,2.2570200000000002,0.903681,0
2003-12-29,2.2054099999999996,2.2054099999999996,2.2054099999999996,2.2054099999999996,0.883017,2259907
2003-12-30,2.25106,2.25106,2.25106,2.25106,0.901294,5492195
2003-12-31,2.22923,2.22923,2.22923,2.22923,0.8925540000000001,0
2004-01-01,2.22923,2.22923,2.22923,2.22923,0.8925540000000001,0
2004-01-02,2.28084,2.28084,2.28084,2.28084,0.913218,1776995
2004-01-05,2.2987,2.2987,2.2987,2.2987,0.9203690000000001,1313998
2004-01-06,2.2987,2.2987,2.2987,2.2987,0.9203690000000001,0
2004-01-07,2.2729,2.2729,2.2729,2.2729,0.9100389999999999,1474663
2004-01-08,2.2729,2.2729,2.2729,2.2729,0.9100389999999999,5074289
2004-01-09,2.35627,2.35627,2.35627,2.35627,0.943419,869468
2004-01-12,2.35627,2.35627,2.35627,2.35627,0.943419,1076061
2004-01-13,2.3662,2.3662,2.3662,2.3662,0.9473950000000001,1688701
2004-01-14,2.34039,2.34039,2.34039,2.34039,0.937061,942146
2004-01-15,2.35627,2.35627,2.35627,2.35627,0.943419,2154807
2004-01-16,2.41185,2.41185,2.41185,2.41185,0.965672,1411425
2004-01-19,2.39399,2.39399,2.39399,2.39399,0.958522,1168940
2004-01-20,2.4197900000000003,2.4197900000000003,2.4197900000000003,2.4197900000000003,0.968852,622872
2004-01-21,2.4317,2.4317,2.4317,2.4317,0.97362,2017421
2004-01-22,2.38605,2.38605,2.38605,2.38605,0.955343,1394166
2004-01-23,2.37215,2.37215,2.37215,2.37215,0.9497770000000001,1169201
2004-01-26,2.37811,2.37811,2.37811,2.37811,0.9521629999999999,557302
2004-01-27,2.41384,2.41384,2.41384,2.41384,0.966469,1569602
2004-01-28,2.42575,2.42575,2.42575,2.42575,0.9712379999999999,987575
2004-01-29,2.3681799999999997,2.3681799999999997,2.3681799999999997,2.3681799999999997,0.9481879999999999,1581037
2004-01-30,2.35627,2.35627,2.35627,2.35627,0.943419,1851280
2004-02-02,2.38406,2.38406,2.38406,2.38406,0.9545450000000001,679243
2004-02-03,2.37811,2.37811,2.37811,2.37811,0.9521629999999999,932197
2004-02-04,2.40193,2.40193,2.40193,2.40193,0.961701,913739
2004-02-05,2.39796,2.39796,2.39796,2.39796,0.960111,1470824
2004-02-06,2.39597,2.39597,2.39597,2.39597,0.9593149999999999,950695
2004-02-09,2.44957,2.44957,2.44957,2.44957,0.980775,1810793
2004-02-10,2.42972,2.42972,2.42972,2.42972,0.972827,1145358
2004-02-11,2.4336900000000004,2.4336900000000004,2.4336900000000004,2.4336900000000004,0.974417,1096080
2004-02-12,2.4317,2.4317,2.4317,2.4317,0.97362,1618789
2004-02-13,2.33245,2.33245,2.33245,2.33245,0.933882,5302337
2004-02-16,2.36223,2.36223,2.36223,2.36223,0.9458049999999999,612610
2004-02-17,2.392,2.392,2.392,2.392,0.957725,1330310
2004-02-18,2.3900200000000003,2.3900200000000003,2.3900200000000003,2.3900200000000003,0.956932,2626862
2004-02-19,2.38009,2.38009,2.38009,2.38009,0.9529559999999999,1219633
2004-02-20,2.38406,2.38406,2.38406,2.38406,0.9545450000000001,840356
2004-02-23,2.3761200000000002,2.39597,2.3523,2.35826,0.9442159999999999,880778
2004-02-24,2.37215,2.37215,2.34039,2.34238,0.937858,3157177
2004-02-25,2.34039,2.3662,2.34039,2.35627,0.943419,828588
2004-02-26,2.3523,2.36024,2.28282,2.28282,0.914011,2728934
2004-02-27,2.29672,2.35826,2.29275,2.34635,0.9394469999999999,1995729
2004-03-01,2.34436,2.36024,2.31061,2.33642,0.9354709999999999,1262161
2004-03-02,2.33245,2.35032,2.32253,2.33642,0.9354709999999999,1055170
2004-03-03,2.34039,2.3820799999999998,2.34039,2.3761200000000002,0.951367,1927958
2004-03-04,2.35826,2.3900200000000003,2.3523,2.3820799999999998,0.9537530000000001,1612668
2004-03-05,2.37811,2.37811,2.37811,2.37811,0.9521629999999999,1293328
2004-03-08,2.3205400000000003,2.3205400000000003,2.3205400000000003,2.3205400000000003,0.929113,3340104
2004-03-09,2.3205400000000003,2.3205400000000003,2.3205400000000003,2.3205400000000003,0.929113,3872419
2004-03-10,2.26893,2.26893,2.26893,2.26893,0.908449,1743193
2004-03-11,2.21533,2.21533,2.21533,2.21533,0.8869879999999999,3413089
2004-03-12,2.21533,2.21533,2.21533,2.21533,0.8869879999999999,1221709
2004-03-15,2.19548,2.19548,2.19548,2.19548,0.879041,32972979
2004-03-16,2.14585,2.14585,2.14585,2.14585,0.8591700000000001,13792572
2004-03-17,2.1855599999999997,2.1855599999999997,2.1855599999999997,2.1855599999999997,0.8750690000000001,6282991
2004-03-18,2.1855599999999997,2.1855599999999997,2.1855599999999997,2.1855599999999997,0.9170280000000001,43760716
2004-03-19,2.08829,2.08829,2.08829,2.08829,0.8762139999999999,2833304
2004-03-22,2.06447,2.06447,2.06447,2.06447,0.8662200000000001,2252164
2004-03-23,2.0684400000000003,2.0684400000000003,2.0684400000000003,2.0684400000000003,0.867886,833656
2004-03-24,2.09226,2.09226,2.09226,2.09226,0.8778799999999999,2363858
2004-03-25,2.09226,2.09226,2.09226,2.09226,0.8778799999999999,3749576
2004-03-26,2.09226,2.09226,2.09226,2.09226,0.8778799999999999,3046395
2004-03-29,1.9890299999999999,1.9890299999999999,1.9890299999999999,1.9890299999999999,0.834566,5229559
2004-03-30,1.9533,1.9533,1.9533,1.9533,0.819575,6758018
2004-03-31,1.9413900000000002,1.9413900000000002,1.9413900000000002,1.9413900000000002,0.814577,6736739
2004-04-01,1.94735,1.94735,1.94735,1.94735,0.817078,11614118
2004-04-02,1.99499,1.99499,1.99499,1.99499,0.837067,15217135
2004-04-05,1.99499,1.99499,1.99499,1.99499,0.837067,6785216
2004-04-06,2.0346900000000003,2.0346900000000003,2.0346900000000003,2.0346900000000003,0.853725,11431681
2004-04-07,2.07042,2.07042,2.07042,2.07042,0.8687159999999999,9523098
2004-04-08,2.07836,2.07836,2.07836,2.07836,0.8720479999999999,10656774
2004-04-09,2.07836,2.07836,2.07836,2.07836,0.8720479999999999,0
2004-04-12,2.07836,2.07836,2.07836,2.07836,0.8720479999999999,0
2004-04-13,2.11806,2.11806,2.11806,2.11806,0.888706,7367102
2004-04-14,2.07439,2.07439,2.07439,2.07439,0.870382,7119362
2004-04-15,2.08035,2.08035,2.08035,2.08035,0.872883,2228165
2004-04-16,2.09623,2.09623,2.09623,2.09623,0.8795459999999999,5009108
2004-04-19,2.07638,2.07638,2.07638,2.07638,0.871217,1864816
2004-04-20,2.08035,2.08035,2.08035,2.08035,0.872883,2843147
2004-04-21,2.0466,2.0466,2.0466,2.0466,0.858722,2404587
2004-04-22,2.0724099999999996,2.0724099999999996,2.0724099999999996,2.0724099999999996,0.8695510000000001,2698356
2004-04-23,2.0545400000000003,2.0545400000000003,2.0545400000000003,2.0545400000000003,0.8620530000000001,6894754
2004-04-26,2.05057,2.05057,2.05057,2.05057,0.8603879999999999,3919128
2004-04-27,2.02675,2.02675,2.02675,2.02675,0.8503930000000001,4701465
2004-04-28,2.00888,2.00888,2.00888,2.00888,0.8428950000000001,2590954
2004-04-29,1.9751400000000001,1.9751400000000001,1.9751400000000001,1.9751400000000001,0.828738,7646821
2004-04-30,1.9850599999999998,1.9850599999999998,1.9850599999999998,1.9850599999999998,0.8329,5306881
2004-05-03,1.97117,1.97117,1.97117,1.97117,0.827073,1865743
2004-05-04,1.9751400000000001,1.9751400000000001,1.9751400000000001,1.9751400000000001,0.828738,1549355
2004-05-05,1.9453599999999998,1.9453599999999998,1.9453599999999998,1.9453599999999998,0.816243,7567544
2004-05-06,1.9533,1.9533,1.9533,1.9533,0.819575,5283038
2004-05-07,1.9433799999999999,1.9433799999999999,1.9433799999999999,1.9433799999999999,0.815412,3293279
2004-05-10,1.9433799999999999,1.9433799999999999,1.9433799999999999,1.9433799999999999,0.815412,8287263
2004-05-11,1.8858099999999998,1.8858099999999998,1.8858099999999998,1.8858099999999998,0.791257,4886164
2004-05-12,1.8858099999999998,1.8858099999999998,1.8858099999999998,1.8858099999999998,0.791257,6937630
2004-05-13,1.83023,1.83023,1.83023,1.83023,0.767936,4311830
2004-05-14,1.8183200000000002,1.8183200000000002,1.8183200000000002,1.8183200000000002,0.762939,2555827
2004-05-17,1.77266,1.77266,1.77266,1.77266,0.743781,5399755
2004-05-18,1.8044200000000001,1.8044200000000001,1.8044200000000001,1.8044200000000001,0.757107,7310257
2004-05-19,1.8203,1.8203,1.8203,1.8203,0.76377,4329543
2004-05-20,1.8123599999999997,1.8123599999999997,1.8123599999999997,1.8123599999999997,0.7604390000000001,1967206
2004-05-21,1.8064099999999998,1.8064099999999998,1.8064099999999998,1.8064099999999998,0.757942,4582179
2004-05-24,1.82824,1.82824,1.82824,1.82824,0.7671020000000001,4120466
2004-05-25,1.81633,1.81633,1.81633,1.81633,0.762104,2164368
2004-05-26,1.83023,1.83023,1.83023,1.83023,0.767936,3457561
2004-05-27,1.85405,1.85405,1.85405,1.85405,0.777931,5813852
2004-05-28,1.8520599999999998,1.8520599999999998,1.8520599999999998,1.8520599999999998,0.777096,5484538
2004-05-31,1.8619900000000003,1.8619900000000003,1.8619900000000003,1.8619900000000003,0.781262,1596704
2004-06-01,1.84611,1.84611,1.84611,1.84611,0.7745989999999999,2740158
2004-06-02,1.84015,1.84015,1.84015,1.84015,0.772099,3947661
2004-06-03,1.86001,1.86001,1.86001,1.86001,0.780432,3021026
2004-06-04,1.86001,1.86001,1.86001,1.86001,0.780432,5424283
2004-06-07,1.86001,1.86001,1.86001,1.86001,0.780432,5860244
2004-06-08,1.9552900000000002,1.9552900000000002,1.9552900000000002,1.9552900000000002,0.8204100000000001,4754214
2004-06-09,1.9433799999999999,1.9433799999999999,1.9433799999999999,1.9433799999999999,0.815412,5377942
2004-06-10,1.9513200000000002,1.9513200000000002,1.9513200000000002,1.9513200000000002,0.8187439999999999,1557577
2004-06-11,1.94735,1.94735,1.94735,1.94735,0.817078,1414287
2004-06-14,1.9255099999999998,1.9255099999999998,1.9255099999999998,1.9255099999999998,0.807914,1575697
2004-06-15,1.9255099999999998,1.9255099999999998,1.9255099999999998,1.9255099999999998,0.807914,4896900
2004-06-16,1.9433799999999999,1.9433799999999999,1.9433799999999999,1.9433799999999999,0.815412,2400139
2004-06-17,1.9533,1.9533,1.9533,1.9533,0.819575,2160822
2004-06-18,1.9513200000000002,1.9513200000000002,1.9513200000000002,1.9513200000000002,0.8187439999999999,1750543
2004-06-21,1.9751400000000001,1.9751400000000001,1.9751400000000001,1.9751400000000001,0.828738,2804554
2004-06-22,1.9453599999999998,1.9453599999999998,1.9453599999999998,1.9453599999999998,0.816243,2531717
2004-06-23,1.97117,1.97117,1.97117,1.97117,0.827073,5023666
2004-06-24,1.9672,1.9672,1.9672,1.9672,0.825407,3019071
2004-06-25,1.9533,1.9533,1.9533,1.9533,0.819575,978457
2004-06-28,1.9533,1.9533,1.9533,1.9533,0.819575,1874972
2004-06-29,2.00293,2.00293,2.00293,2.00293,0.840399,2925195
2004-06-30,1.9989599999999998,1.9989599999999998,1.9989599999999998,1.9989599999999998,0.838733,4005916
2004-07-01,2.02874,2.02874,2.02874,2.02874,0.8512280000000001,5882812
2004-07-02,2.01484,2.01484,2.01484,2.01484,0.8453959999999999,1439772
2004-07-05,1.9969700000000001,1.9969700000000001,1.9969700000000001,1.9969700000000001,0.8378979999999999,1392212
2004-07-06,1.9751400000000001,1.9751400000000001,1.9751400000000001,1.9751400000000001,0.828738,1129173
2004-07-07,1.9453599999999998,1.9453599999999998,1.9453599999999998,1.9453599999999998,0.816243,3855301
2004-07-08,1.94735,1.94735,1.94735,1.94735,0.817078,2351717
2004-07-09,1.9672,1.9672,1.9672,1.9672,0.825407,1912004
2004-07-12,1.96323,1.96323,1.96323,1.96323,0.823741,1756860
2004-07-13,1.9810900000000002,1.9810900000000002,1.9810900000000002,1.9810900000000002,0.8312350000000001,4155221
2004-07-14,1.9810900000000002,1.9810900000000002,1.9810900000000002,1.9810900000000002,0.8312350000000001,4770425
2004-07-15,1.94735,1.94735,1.94735,1.94735,0.817078,1243985
2004-07-16,1.9533,1.9533,1.9533,1.9533,0.819575,1180309
2004-07-19,1.9294799999999999,1.9294799999999999,1.9294799999999999,1.9294799999999999,0.80958,907467
2004-07-20,1.91757,1.91757,1.91757,1.91757,0.804583,2189466
2004-07-21,1.92353,1.92353,1.92353,1.92353,0.807084,1047785
2004-07-22,1.9155900000000001,1.9155900000000001,1.9155900000000001,1.9155900000000001,0.803752,2117675
2004-07-23,1.90566,1.90566,1.90566,1.90566,0.799586,1113405
2004-07-26,1.8858099999999998,1.8858099999999998,1.8858099999999998,1.8858099999999998,0.791257,951576
2004-07-27,1.8997099999999998,1.8997099999999998,1.8997099999999998,1.8997099999999998,0.797089,1061835
2004-07-28,1.8739,1.8739,1.8739,1.8739,0.7862600000000001,2037889
2004-07-29,1.8818400000000002,1.8818400000000002,1.8818400000000002,1.8818400000000002,0.7895909999999999,3216198
2004-07-30,1.9036799999999998,1.9036799999999998,1.9036799999999998,1.9036799999999998,0.798755,1715123
2004-08-02,1.89772,1.89772,1.89772,1.89772,0.796254,2033859
2004-08-03,1.8917700000000002,1.8917700000000002,1.8917700000000002,1.8917700000000002,0.793758,2230663
2004-08-04,1.8560400000000001,1.8560400000000001,1.8560400000000001,1.8560400000000001,0.778766,6429570
2004-08-05,1.83618,1.83618,1.83618,1.83618,0.770433,2394411
2004-08-06,1.8222900000000002,1.8222900000000002,1.8222900000000002,1.8222900000000002,0.764605,2121483
2004-08-09,1.8083900000000002,1.8083900000000002,1.8083900000000002,1.8083900000000002,0.758772,4372236
2004-08-10,1.8064099999999998,1.8064099999999998,1.8064099999999998,1.8064099999999998,0.757942,1985674
2004-08-11,1.8262599999999998,1.8262599999999998,1.8262599999999998,1.8262599999999998,0.766271,2107443
2004-08-12,1.8064099999999998,1.8064099999999998,1.8064099999999998,1.8064099999999998,0.757942,3420640
2004-08-13,1.78656,1.78656,1.78656,1.78656,0.749613,1887339
2004-08-16,1.77663,1.77663,1.77663,1.77663,0.745447,0
2004-08-17,1.82824,1.82824,1.82824,1.82824,0.7671020000000001,7050754
2004-08-18,1.8520599999999998,1.8520599999999998,1.8520599999999998,1.8520599999999998,0.777096,2068507
2004-08-19,1.8878,1.8878,1.8878,1.8878,0.792092,3723547
2004-08-20,1.8778700000000002,1.8778700000000002,1.8778700000000002,1.8778700000000002,0.787925,4931296
2004-08-23,1.8858099999999998,1.8858099999999998,1.8858099999999998,1.8858099999999998,0.791257,2379565
2004-08-24,1.88383,1.88383,1.88383,1.88383,0.7904260000000001,1151157
2004-08-25,1.8878,1.8878,1.8878,1.8878,0.792092,1736286
2004-08-26,1.8818400000000002,1.8818400000000002,1.8818400000000002,1.8818400000000002,0.7895909999999999,3017091
2004-08-27,1.87589,1.87589,1.87589,1.87589,0.787095,1111017
2004-08-30,1.88978,1.88978,1.88978,1.88978,0.7929229999999999,1087285
2004-08-31,1.8917700000000002,1.8917700000000002,1.8917700000000002,1.8917700000000002,0.793758,2746294
2004-09-01,1.87589,1.87589,1.87589,1.87589,0.787095,2716552
2004-09-02,1.87589,1.87589,1.87589,1.87589,0.787095,1801468
2004-09-03,1.8858099999999998,1.8858099999999998,1.8858099999999998,1.8858099999999998,0.791257,5521323
2004-09-06,1.9255099999999998,1.9255099999999998,1.9255099999999998,1.9255099999999998,0.807914,3050194
2004-09-07,1.94933,1.94933,1.94933,1.94933,0.817909,2783804
2004-09-08,1.94735,1.94735,1.94735,1.94735,0.817078,4447307
2004-09-09,1.93544,1.93544,1.93544,1.93544,0.812081,1867018
2004-09-10,1.94933,1.94933,1.94933,1.94933,0.817909,3225513
2004-09-13,1.97315,1.97315,1.97315,1.97315,0.8279040000000001,2699893
2004-09-14,1.97117,1.97117,1.97117,1.97117,0.827073,1433923
2004-09-15,1.99102,1.99102,1.99102,1.99102,0.8354010000000001,5369449
2004-09-16,1.97911,1.97911,1.97911,1.97911,0.8304040000000001,2633441
2004-09-17,1.9751400000000001,1.9751400000000001,1.9751400000000001,1.9751400000000001,0.828738,4920989
2004-09-20,1.96323,1.96323,1.96323,1.96323,0.823741,1730015
2004-09-21,1.95727,1.95727,1.95727,1.95727,0.82124,916535
2004-09-22,1.9552900000000002,1.9552900000000002,1.9552900000000002,1.9552900000000002,0.8204100000000001,4581343
2004-09-23,1.9136,1.9136,1.9136,1.9136,0.802917,6239148
2004-09-24,1.89375,1.89375,1.89375,1.89375,0.794588,5364753
2004-09-27,1.89375,1.89375,1.89375,1.89375,0.794588,3294075
2004-09-28,1.8739,1.8739,1.8739,1.8739,0.7862600000000001,1986908
2004-09-29,1.89772,1.89772,1.89772,1.89772,0.796254,3638779
2004-09-30,1.90566,1.90566,1.90566,1.90566,0.799586,3331938
2004-10-01,1.93147,1.93147,1.93147,1.93147,0.810415,8243537
2004-10-04,1.96124,1.96124,1.96124,1.96124,0.8229059999999999,3978431
2004-10-05,1.96521,1.96521,1.96521,1.96521,0.824572,1801670
2004-10-06,1.97315,1.97315,1.97315,1.97315,0.8279040000000001,3956980
2004-10-07,1.96521,1.96521,1.96521,1.96521,0.824572,2339038
2004-10-08,1.9513200000000002,1.9513200000000002,1.9513200000000002,1.9513200000000002,0.8187439999999999,2644222
2004-10-11,1.9394099999999999,1.9394099999999999,1.9394099999999999,1.9394099999999999,0.813747,1664208
2004-10-12,1.93544,1.93544,1.93544,1.93544,0.812081,0
2004-10-13,1.9453599999999998,1.9453599999999998,1.9453599999999998,1.9453599999999998,0.816243,3856198
2004-10-14,1.93147,1.93147,1.93147,1.93147,0.810415,2334776
2004-10-15,1.90963,1.90963,1.90963,1.90963,0.801251,2186418
2004-10-18,1.9036799999999998,1.9036799999999998,1.9036799999999998,1.9036799999999998,0.798755,955904
2004-10-19,1.9255099999999998,1.9255099999999998,1.9255099999999998,1.9255099999999998,0.807914,1893591
2004-10-20,1.9215400000000002,1.9215400000000002,1.9215400000000002,1.9215400000000002,0.806249,1976213
2004-10-21,1.92353,1.92353,1.92353,1.92353,0.807084,1608134
2004-10-22,1.91757,1.91757,1.91757,1.91757,0.804583,1367250
2004-10-25,1.89772,1.89772,1.89772,1.89772,0.796254,1311605
2004-10-26,1.9036799999999998,1.9036799999999998,1.9036799999999998,1.9036799999999998,0.798755,1600230
2004-10-27,1.97117,1.97117,1.97117,1.97117,0.827073,6824475
2004-10-28,1.9890299999999999,1.9890299999999999,1.9890299999999999,1.9890299999999999,0.834566,4437272
2004-10-29,2.01087,2.01087,2.01087,2.01087,0.84373,5468015
2004-11-01,1.96521,1.96521,1.96521,1.96521,0.824572,0
2004-11-02,1.99102,1.99102,1.99102,1.99102,0.8354010000000001,15900216
2004-11-03,2.01484,2.01484,2.01484,2.01484,0.8453959999999999,4717550
2004-11-04,2.02278,2.02278,2.02278,2.02278,0.848727,3844188
2004-11-05,2.0724099999999996,2.0724099999999996,2.0724099999999996,2.0724099999999996,0.8695510000000001,6584553
2004-11-08,2.07836,2.07836,2.07836,2.07836,0.8720479999999999,1938562
2004-11-09,2.08432,2.08432,2.08432,2.08432,0.874549,2165809
2004-11-10,2.09226,2.09226,2.09226,2.09226,0.8778799999999999,2200246
2004-11-11,2.09424,2.09424,2.09424,2.09424,0.878711,1927590
2004-11-12,2.1002,2.1002,2.1002,2.1002,0.8812120000000001,4722150
2004-11-15,2.11211,2.11211,2.11211,2.11211,0.886209,50481546
2004-11-16,2.0525599999999997,2.0525599999999997,2.0525599999999997,2.0525599999999997,0.861223,14647723
2004-11-17,2.11012,2.11012,2.11012,2.11012,0.885374,6374212
2004-11-18,2.13196,2.13196,2.13196,2.13196,0.8945379999999999,3908614
2004-11-19,2.09424,2.09424,2.09424,2.09424,0.9452139999999999,7588858
2004-11-22,2.10814,2.10814,2.10814,2.10814,0.9514879999999999,50095050
2004-11-23,2.09623,2.09623,2.09623,2.09623,0.9461120000000001,15310089
2004-11-24,2.11211,2.11211,2.11211,2.11211,0.9532790000000001,1900115
2004-11-25,2.12799,2.12799,2.12799,2.12799,0.9604469999999999,4182424
2004-11-26,2.12203,2.12203,2.12203,2.12203,0.957757,3490275
2004-11-29,2.14188,2.14188,2.14188,2.14188,0.966716,1704519
2004-11-30,2.11806,2.11806,2.11806,2.11806,0.955965,2174575
2004-12-01,2.11211,2.11211,2.11211,2.11211,0.9532790000000001,2928611
2004-12-02,2.12203,2.12203,2.12203,2.12203,0.957757,2623557
2004-12-03,2.1240200000000002,2.1240200000000002,2.1240200000000002,2.1240200000000002,0.9586549999999999,2243761
2004-12-06,2.11409,2.11409,2.11409,2.11409,0.9541729999999999,0
2004-12-07,2.12997,2.12997,2.12997,2.12997,0.96134,6757746
2004-12-08,2.1160799999999997,2.1160799999999997,2.1160799999999997,2.1160799999999997,0.9550709999999999,0
2004-12-09,2.1379099999999998,2.1379099999999998,2.1379099999999998,2.1379099999999998,0.964924,4694689
2004-12-10,2.09821,2.09821,2.09821,2.09821,0.9470059999999999,13971951
2004-12-13,2.1021799999999997,2.1021799999999997,2.1021799999999997,2.1021799999999997,0.9487979999999999,3910680
2004-12-14,2.10417,2.10417,2.10417,2.10417,0.9496959999999999,3991216
2004-12-15,2.126,2.126,2.126,2.126,0.959549,3377024
2004-12-16,2.12799,2.12799,2.12799,2.12799,0.9604469999999999,2345088
2004-12-17,2.13196,2.13196,2.13196,2.13196,0.9622379999999999,6026631
2004-12-20,2.13196,2.13196,2.13196,2.13196,0.9622379999999999,2004071
2004-12-21,2.12799,2.12799,2.12799,2.12799,0.9604469999999999,1298427
2004-12-22,2.15578,2.15578,2.15578,2.15578,0.9729899999999999,3987695
2004-12-23,2.17365,2.17365,2.17365,2.17365,0.9810549999999999,4059939
2004-12-24,2.15975,2.15975,2.15975,2.15975,0.9747819999999999,0
2004-12-27,2.16968,2.16968,2.16968,2.16968,0.9792629999999999,1930804
2004-12-28,2.16372,2.16372,2.16372,2.16372,0.9765729999999999,1506621
2004-12-29,2.16173,2.16173,2.16173,2.16173,0.975675,1738014
2004-12-30,2.15578,2.15578,2.15578,2.15578,0.9729899999999999,3380037
2004-12-31,2.15181,2.15181,2.15181,2.15181,0.971198,0
2005-01-03,2.1815900000000004,2.1815900000000004,2.1815900000000004,2.1815900000000004,0.9846389999999999,1510490
2005-01-04,2.1935,2.1935,2.1935,2.1935,0.990014,3079633
2005-01-05,2.16173,2.16173,2.16173,2.16173,0.975675,8233709
2005-01-06,2.1240200000000002,2.1240200000000002,2.1240200000000002,2.1240200000000002,0.9586549999999999,0
2005-01-07,2.14982,2.14982,2.14982,2.14982,0.9703,6202056
2005-01-10,2.16571,2.16571,2.16571,2.16571,0.9774719999999999,2872144
2005-01-11,2.16173,2.16173,2.16173,2.16173,0.975675,2831767
2005-01-12,2.16173,2.16173,2.16173,2.16173,0.975675,4473296
2005-01-13,2.15181,2.15181,2.15181,2.15181,0.971198,9213485
2005-01-14,2.13593,2.13593,2.13593,2.13593,0.9640299999999999,2228240
2005-01-17,2.14784,2.14784,2.14784,2.14784,0.969406,1305001
2005-01-18,2.14188,2.14188,2.14188,2.14188,0.966716,1517256
2005-01-19,2.1577599999999997,2.1577599999999997,2.1577599999999997,2.1577599999999997,0.9738829999999999,3593451
2005-01-20,2.1537900000000003,2.1537900000000003,2.1537900000000003,2.1537900000000003,0.972091,2120027
2005-01-21,2.14982,2.14982,2.14982,2.14982,0.9703,3550742
2005-01-24,2.15181,2.15181,2.15181,2.15181,0.971198,2855278
2005-01-25,2.15975,2.15975,2.15975,2.15975,0.9747819999999999,2530387
2005-01-26,2.16173,2.16173,2.16173,2.16173,0.975675,1750664
2005-01-27,2.1676900000000003,2.1676900000000003,2.1676900000000003,2.1676900000000003,0.9783649999999999,2663244
2005-01-28,2.21533,2.21533,2.21533,2.21533,0.9998670000000001,7818855
2005-01-31,2.2332,2.2332,2.2332,2.2332,1.007932,6899716
2005-02-01,2.23121,2.23121,2.23121,2.23121,1.007034,6639679
2005-02-02,2.25106,2.25106,2.25106,2.25106,1.015993,5975857
2005-02-03,2.26099,2.26099,2.26099,2.26099,1.020475,6879737
2005-02-04,2.25106,2.25106,2.25106,2.25106,1.015993,7390330
2005-02-07,2.26297,2.26297,2.26297,2.26297,1.021369,5681096
2005-02-08,2.25305,2.25305,2.25305,2.25305,1.016892,4416089
2005-02-09,2.35032,2.35032,2.35032,2.35032,1.060793,17798185
2005-02-10,2.38803,2.38803,2.38803,2.38803,1.077813,9123080
2005-02-11,2.36421,2.36421,2.36421,2.36421,1.0670620000000002,3032612
2005-02-14,2.36421,2.36421,2.36421,2.36421,1.0670620000000002,4578240
2005-02-15,2.39994,2.39994,2.39994,2.39994,1.083189,7271654
2005-02-16,2.38605,2.38605,2.38605,2.38605,1.07692,3899143
2005-02-17,2.39597,2.39597,2.39597,2.39597,1.081397,3235407
2005-02-18,2.39399,2.39399,2.39399,2.39399,1.080503,2300117
2005-02-21,2.3820799999999998,2.3820799999999998,2.3820799999999998,2.3820799999999998,1.075128,3576877
2005-02-22,2.46148,2.46148,2.46148,2.46148,1.1109639999999998,7551977
2005-02-23,2.4317,2.4317,2.4317,2.4317,1.097523,7203520
2005-02-24,2.42178,2.42178,2.42178,2.42178,1.093046,3948119
2005-02-25,2.46942,2.46942,2.46942,2.46942,1.1145479999999999,2645723
2005-02-28,2.46942,2.46942,2.46942,2.46942,1.1145479999999999,2447483
2005-03-01,2.4575099999999996,2.4575099999999996,2.4575099999999996,2.4575099999999996,1.109173,5283426
2005-03-02,2.44758,2.44758,2.44758,2.44758,1.104691,4854926
2005-03-03,2.4317,2.4317,2.4317,2.4317,1.097523,1510435
2005-03-04,2.44163,2.44163,2.44163,2.44163,1.102005,1430745
2005-03-07,2.45552,2.45552,2.45552,2.45552,1.108274,1941499
2005-03-08,2.44361,2.44361,2.44361,2.44361,1.102899,60020744
2005-03-09,2.4197900000000003,2.4197900000000003,2.4197900000000003,2.4197900000000003,1.092148,14832024
2005-03-10,2.39796,2.39796,2.39796,2.39796,1.082295,8790295
2005-03-11,2.39994,2.39994,2.39994,2.39994,1.083189,2386427
2005-03-14,2.3820799999999998,2.3820799999999998,2.3820799999999998,2.3820799999999998,1.131715,3562132
2005-03-15,2.38605,2.38605,2.38605,2.38605,1.133601,59973254
2005-03-16,2.37414,2.37414,2.37414,2.37414,1.1279430000000001,8239396
2005-03-17,2.34833,2.34833,2.34833,2.34833,1.115681,3137672
2005-03-18,2.34436,2.34436,2.34436,2.34436,1.113795,2862965
2005-03-21,2.37215,2.37215,2.37215,2.37215,1.126997,3379654
2005-03-22,2.37215,2.37215,2.37215,2.37215,1.126997,2807410
2005-03-23,2.37811,2.37811,2.37811,2.37811,1.1298290000000002,9918742
2005-03-24,2.3761200000000002,2.3761200000000002,2.3761200000000002,2.3761200000000002,1.128884,1126719
2005-03-25,2.36223,2.36223,2.36223,2.36223,1.122284,0
2005-03-28,2.36223,2.36223,2.36223,2.36223,1.122284,0
2005-03-29,2.34039,2.34039,2.34039,2.34039,1.111908,7737770
2005-03-30,2.34039,2.34039,2.34039,2.34039,1.111908,1718035
2005-03-31,2.36223,2.36223,2.36223,2.36223,1.122284,4378528
2005-04-01,2.3662,2.3662,2.3662,2.3662,1.1241709999999998,1404680
2005-04-04,2.3523,2.3523,2.3523,2.3523,1.117567,3012920
2005-04-05,2.39796,2.39796,2.39796,2.39796,1.13926,3528521
2005-04-06,2.42178,2.42178,2.42178,2.42178,1.150576,5014750
2005-04-07,2.42773,2.42773,2.42773,2.42773,1.153403,1500511
2005-04-08,2.4396400000000003,2.4396400000000003,2.4396400000000003,2.4396400000000003,1.159062,2081555
2005-04-11,2.42178,2.42178,2.42178,2.42178,1.150576,2187224
2005-04-12,2.42178,2.42178,2.42178,2.42178,1.150576,2626167
2005-04-13,2.4237599999999997,2.4237599999999997,2.4237599999999997,2.4237599999999997,1.151517,1383245
2005-04-14,2.42178,2.42178,2.42178,2.42178,1.150576,2287271
2005-04-15,2.392,2.392,2.392,2.392,1.136428,3255648
2005-04-18,2.3265,2.3265,2.3265,2.3265,1.105309,4888441
2005-04-19,2.31855,2.31855,2.31855,2.31855,1.101532,6670162
2005-04-20,2.33047,2.33047,2.33047,2.33047,1.1071950000000002,3881446
2005-04-21,2.30267,2.30267,2.30267,2.30267,1.093988,5585023
2005-04-22,2.30267,2.30267,2.30267,2.30267,1.093988,5203852
2005-04-25,2.29275,2.29275,2.29275,2.29275,1.089275,1988344
2005-04-26,2.3066400000000002,2.3066400000000002,2.3066400000000002,2.3066400000000002,1.095874,2790691
2005-04-27,2.3126,2.3126,2.3126,2.3126,1.098706,5211494
2005-04-28,2.31855,2.31855,2.31855,2.31855,1.101532,3336421
2005-04-29,2.2867900000000003,2.2867900000000003,2.2867900000000003,2.2867900000000003,1.086443,5708485
2005-05-02,2.31855,2.31855,2.31855,2.31855,1.101532,1728866
2005-05-03,2.3126,2.3126,2.3126,2.3126,1.098706,2179758
2005-05-04,2.31855,2.31855,2.31855,2.31855,1.101532,11646601
2005-05-05,2.3205400000000003,2.3205400000000003,2.3205400000000003,2.3205400000000003,1.102478,1116483
2005-05-06,2.33642,2.33642,2.33642,2.33642,1.1100219999999998,1806884
2005-05-09,2.3265,2.3265,2.3265,2.3265,1.105309,1845588
2005-05-10,2.30863,2.30863,2.30863,2.30863,1.096819,1586130
2005-05-11,2.2867900000000003,2.2867900000000003,2.2867900000000003,2.2867900000000003,1.086443,1296049
2005-05-12,2.3006900000000003,2.3006900000000003,2.3006900000000003,2.3006900000000003,1.0930469999999999,2497259
2005-05-13,2.2729,2.2729,2.2729,2.2729,1.079844,6136200
2005-05-16,2.2709099999999998,2.2709099999999998,2.2709099999999998,2.2709099999999998,1.078899,844673
2005-05-17,2.2729,2.2729,2.2729,2.2729,1.079844,2275821
2005-05-18,2.29275,2.29275,2.29275,2.29275,1.089275,3623016
2005-05-19,2.32253,2.32253,2.32253,2.32253,1.103423,3472402
2005-05-20,2.33047,2.33047,2.33047,2.33047,1.1071950000000002,2938363
2005-05-23,2.32848,2.32848,2.32848,2.32848,1.10625,2968116
2005-05-24,2.3126,2.3126,2.3126,2.3126,1.098706,3705266
2005-05-25,2.32253,2.32253,2.32253,2.32253,1.103423,3444891
2005-05-26,2.32848,2.32848,2.32848,2.32848,1.10625,3958109
2005-05-27,2.32848,2.32848,2.32848,2.32848,1.10625,2229741
2005-05-30,2.30267,2.34635,2.30267,2.34635,1.11474,5433724
2005-05-31,2.35032,2.35032,2.35032,2.35032,1.1166260000000001,2419247
2005-06-01,2.3662,2.39399,2.3662,2.39399,1.137373,1942381
2005-06-02,2.3900200000000003,2.3900200000000003,2.37811,2.3900200000000003,1.1354870000000001,3941046
2005-06-03,2.3900200000000003,2.3900200000000003,2.37811,2.3900200000000003,1.1354870000000001,2659224
2005-06-06,2.35429,2.37811,2.35429,2.37811,1.1298290000000002,1518404
2005-06-07,2.37414,2.39597,2.37414,2.39597,1.138314,3538425
2005-06-08,2.38009,2.40987,2.38009,2.40987,1.144918,3531674
2005-06-09,2.38605,2.41185,2.38605,2.41185,1.145859,1825331
2005-06-10,2.41781,2.41781,2.41185,2.41781,1.14869,2409665
2005-06-13,2.41185,2.4237599999999997,2.41185,2.4237599999999997,1.151517,1883239
2005-06-14,2.40987,2.47339,2.40987,2.47339,1.175096,2287946
2005-06-15,2.48133,2.51309,2.46545,2.51309,1.193957,8144019
2005-06-16,2.48332,2.4992,2.48332,2.4992,1.187358,2690462
2005-06-17,2.50714,2.50714,2.46545,2.50714,1.19113,3920211
2005-06-20,2.4336900000000004,2.45949,2.4336900000000004,2.45949,1.168492,2037027
2005-06-21,2.44957,2.48927,2.44957,2.48927,1.18264,2008182
2005-06-22,2.48332,2.50317,2.48332,2.50317,1.189244,4176505
2005-06-23,2.49324,2.54088,2.49324,2.54088,1.20716,4835219
2005-06-24,2.47736,2.47736,2.44163,2.47736,1.176982,2797879
2005-06-27,2.42178,2.42773,2.41582,2.42773,1.153403,4241797
2005-06-28,2.42178,2.44957,2.42178,2.44957,1.1637790000000001,1518691
2005-06-29,2.46148,2.46942,2.45949,2.46942,1.17321,1931968
2005-06-30,2.4714,2.4714,2.45552,2.4714,1.174151,1243033
2005-07-01,2.4376599999999997,2.47538,2.4376599999999997,2.47538,1.176041,1898135
2005-07-04,2.47538,2.48133,2.45949,2.48133,1.178868,894006
2005-07-05,2.45949,2.47935,2.45949,2.47935,1.177927,1975498
2005-07-06,2.47538,2.5011799999999997,2.47538,2.5011799999999997,1.188299,3723094
2005-07-07,2.49324,2.49324,2.43567,2.49324,1.184527,4384800
2005-07-08,2.4575099999999996,2.46148,2.44163,2.46148,1.169438,2940696
2005-07-11,2.45155,2.47538,2.45155,2.47538,1.176041,1358777
2005-07-12,2.48133,2.48133,2.4714,2.48133,1.178868,2294208
2005-07-13,2.46346,2.4872900000000002,2.46346,2.4872900000000002,1.1817,1752800
2005-07-14,2.4872900000000002,2.5011799999999997,2.47935,2.5011799999999997,1.188299,2131145
2005-07-15,2.4714,2.4992,2.46942,2.4992,1.187358,670951
2005-07-18,2.4853,2.48927,2.4853,2.48927,1.18264,726092
2005-07-19,2.4992,2.4992,2.4872900000000002,2.4992,1.187358,1757555
2005-07-20,2.49721,2.5091200000000002,2.49721,2.5091200000000002,1.1920709999999999,1670102
2005-07-21,2.51111,2.51905,2.49523,2.51905,1.1967889999999999,4046388
2005-07-22,2.51111,2.60837,2.51111,2.60837,1.2392239999999999,7394814
2005-07-25,2.60639,2.64609,2.60639,2.64609,1.2571450000000002,4744562
2005-07-26,2.6341799999999997,2.7195400000000003,2.6341799999999997,2.7195400000000003,1.292041,5764196
2005-07-27,2.70763,2.73939,2.70763,2.73939,1.3014709999999998,4111645
2005-07-28,2.69572,2.75924,2.69572,2.75924,1.310902,4153317
2005-07-29,2.72946,2.75725,2.72946,2.75725,1.309956,2076799
2005-08-01,2.74534,2.7751200000000003,2.74534,2.7751200000000003,1.318447,5082269
2005-08-02,2.7374,2.78505,2.7374,2.78505,1.323164,3462236
2005-08-03,2.78703,2.81085,2.78703,2.81085,1.335421,4539188
2005-08-04,2.78306,2.79894,2.77909,2.79894,1.329763,1780502
2005-08-05,2.77909,2.77909,2.73542,2.77909,1.320333,1706373
2005-08-08,2.7195400000000003,2.77313,2.7195400000000003,2.77313,1.317501,3602740
2005-08-09,2.73343,2.77909,2.73343,2.77909,1.320333,1217679
2005-08-10,2.77909,2.8049,2.77909,2.8049,1.332595,2267498
2005-08-11,2.80291,2.8227599999999997,2.80291,2.8227599999999997,1.3410799999999998,5785969
2005-08-12,2.82673,2.82673,2.78703,2.82673,1.3429659999999999,3828209
2005-08-15,2.78703,2.82475,2.78703,2.82475,1.342026,688391
2005-08-16,2.82673,2.82673,2.78306,2.82673,1.3429659999999999,1254151
2005-08-17,2.78107,2.79497,2.74534,2.79497,1.327877,2821153
2005-08-18,2.7671799999999998,2.7771,2.74137,2.7771,1.319387,1691411
2005-08-19,2.73145,2.74137,2.72152,2.74137,1.3024120000000001,4083299
2005-08-22,2.70961,2.75725,2.70961,2.75725,1.309956,1114216
2005-08-23,2.73343,2.7374,2.71557,2.7374,1.300526,1677936
2005-08-24,2.72549,2.72946,2.7235099999999997,2.72946,1.2967540000000002,1304865
2005-08-25,2.69175,2.73542,2.67587,2.73542,1.299585,1988147
2005-08-26,2.67587,2.69373,2.64014,2.69373,1.279779,1598331
2005-08-29,2.61234,2.66991,2.61234,2.66991,1.268462,769431
2005-08-30,2.64411,2.66396,2.6341799999999997,2.66396,1.265635,1123183
2005-08-31,2.6202799999999997,2.66197,2.6202799999999997,2.66197,1.264689,1257743
2005-09-01,2.66197,2.6857900000000003,2.66197,2.6857900000000003,1.276006,1272009
2005-09-02,2.67984,2.68778,2.66396,2.68778,1.276951,2575892
2005-09-05,2.68381,2.69572,2.68381,2.69572,1.280724,775557
2005-09-06,2.67984,2.70961,2.67984,2.70961,1.287323,1943690
2005-09-07,2.7195400000000003,2.77115,2.7195400000000003,2.77115,1.31656,2568960
2005-09-08,2.7751200000000003,2.7751200000000003,2.7532799999999997,2.7751200000000003,1.318447,2644710
2005-09-09,2.75924,2.7671799999999998,2.73939,2.7671799999999998,1.314675,907935
2005-09-12,2.7116,2.7612200000000002,2.7116,2.7612200000000002,1.311842,3423612
2005-09-13,2.75527,2.79894,2.75527,2.79894,1.329763,1798743
2005-09-14,2.77909,2.77909,2.73939,2.77909,1.320333,1499906
2005-09-15,2.74336,2.791,2.74336,2.791,1.325991,1888629
2005-09-16,2.7890200000000003,2.7890200000000003,2.76916,2.7890200000000003,1.32505,1479932
2005-09-19,2.74336,2.79299,2.74336,2.79299,1.3269360000000001,1895354
2005-09-20,2.7751200000000003,2.79696,2.7751200000000003,2.79696,1.328822,1028738
2005-09-21,2.78703,2.78703,2.7374,2.78703,1.3241049999999999,2119307
2005-09-22,2.74733,2.7532799999999997,2.7374,2.7532799999999997,1.30807,2443861
2005-09-23,2.74733,2.7513,2.72748,2.7513,1.30713,2085882
2005-09-26,2.74336,2.79497,2.74336,2.79497,1.327877,1323514
2005-09-27,2.79497,2.83269,2.79497,2.83269,1.345798,2745594
2005-09-28,2.8366599999999997,2.87239,2.8366599999999997,2.87239,1.364659,3137324
2005-09-29,2.87834,2.89025,2.8187900000000004,2.89025,1.3731440000000001,2154006
2005-09-30,2.8386400000000003,2.86842,2.83467,2.86842,1.362773,1363442
2005-10-03,2.85452,2.87636,2.84857,2.87636,1.3665450000000001,1217764
2005-10-04,2.85849,2.85849,2.8446,2.85849,1.358055,3638678
2005-10-05,2.83269,2.85849,2.83269,2.85849,1.358055,2260803
2005-10-06,2.8386400000000003,2.8386400000000003,2.83467,2.8386400000000003,1.348625,2624227
2005-10-07,2.84857,2.86246,2.80688,2.86246,1.359941,19687761
2005-10-10,2.80688,2.85055,2.80688,2.85055,1.354283,2811254
2005-10-11,2.8525400000000003,2.92003,2.8525400000000003,2.92003,1.387292,23100527
2005-10-12,2.9081200000000003,2.96172,2.9081200000000003,2.96172,1.4070989999999999,2725348
2005-10-13,2.9379,2.9557599999999997,2.86048,2.9557599999999997,1.404268,5939662
2005-10-14,2.8386400000000003,2.8942200000000002,2.8386400000000003,2.8942200000000002,1.37503,3951746
2005-10-17,2.89819,2.89819,2.85055,2.89819,1.376917,1895339
2005-10-18,2.89224,2.89224,2.8386400000000003,2.89224,1.374089,4804021
2005-10-19,2.8187900000000004,2.8187900000000004,2.7751200000000003,2.8187900000000004,1.339194,4396810
2005-10-20,2.7116,2.82475,2.7116,2.82475,1.342026,4628908
2005-10-21,2.79894,2.8525400000000003,2.79299,2.8525400000000003,1.355228,2246094
2005-10-24,2.79497,2.85055,2.79497,2.85055,1.354283,2833077
2005-10-25,2.90613,2.90613,2.85055,2.90613,1.3806889999999998,4127816
2005-10-26,2.83269,2.88231,2.81284,2.88231,1.369372,5940120
2005-10-27,2.77909,2.8386400000000003,2.77909,2.8386400000000003,1.348625,3761103
2005-10-28,2.79894,2.82078,2.79894,2.82078,1.3401399999999999,4312908
2005-10-31,2.85849,2.90613,2.85849,2.90613,1.3806889999999998,1976309
2005-11-01,2.91606,2.96172,2.91606,2.96172,1.4070989999999999,2201415
2005-11-02,2.94981,2.95973,2.9379,2.95973,1.4061540000000001,2349642
2005-11-03,2.94187,2.97363,2.94187,2.97363,1.412758,2308117
2005-11-04,2.96569,2.96569,2.94385,2.96569,1.408985,2360024
2005-11-07,2.92797,3.01333,2.92797,3.01333,1.431619,5754504
2005-11-08,3.00737,3.03516,2.96767,3.03516,1.4419899999999999,2839777
2005-11-09,2.97363,2.97363,2.91407,2.97363,1.412758,4304652
2005-11-10,2.93591,2.93591,2.92003,2.93591,1.394837,2998291
2005-11-11,2.9379,2.9716400000000003,2.9379,2.9716400000000003,1.411812,2806408
2005-11-14,2.96767,3.00737,2.96767,3.00737,1.428787,9479855
2005-11-15,2.9895099999999997,2.9895099999999997,2.9101,2.9895099999999997,1.420302,2827047
2005-11-16,2.91804,2.924,2.88033,2.924,1.3891790000000002,4195592
2005-11-17,2.86246,2.87834,2.83467,2.87834,1.367486,6290925
2005-11-18,2.82673,2.91804,2.80093,2.91804,1.473367,30538690
2005-11-21,2.9101,2.9101,2.87437,2.9101,1.469358,31503540
2005-11-22,2.86643,2.87437,2.82078,2.87437,1.451317,4272099
2005-11-23,2.82673,2.86643,2.82673,2.86643,1.447308,3211674
2005-11-24,2.86246,2.86246,2.86048,2.86246,1.445303,1566418
2005-11-25,2.85055,2.89621,2.85055,2.87636,1.452322,11113429
2005-11-28,2.86445,2.90216,2.82475,2.90216,1.465349,3026628
2005-11-29,2.8386400000000003,2.86246,2.8386400000000003,2.86246,1.445303,4449750
2005-11-30,2.8187900000000004,2.84857,2.8187900000000004,2.84857,1.43829,5303027
2005-12-01,2.8227599999999997,2.85849,2.81482,2.85452,1.441294,6477267
2005-12-02,2.8525400000000003,2.92598,2.8525400000000003,2.92598,1.477376,5276656
2005-12-05,2.9379,2.9379,2.88033,2.9379,1.483394,2849127
2005-12-06,2.8942200000000002,2.8942200000000002,2.88231,2.8942200000000002,1.4613399999999999,1481801
2005-12-07,2.86445,2.89621,2.84857,2.89621,1.462345,4179195
2005-12-08,2.80887,2.85452,2.80887,2.85452,1.441294,3441622
2005-12-09,2.81284,2.82475,2.80887,2.82475,1.4262629999999998,3802265
2005-12-12,2.82673,2.88231,2.82673,2.88231,1.4553260000000001,3958074
2005-12-13,2.84857,2.85452,2.82475,2.85452,1.441294,2860703
2005-12-14,2.8426099999999996,2.8426099999999996,2.79894,2.8426099999999996,1.435281,1847492
2005-12-15,2.7771,2.81284,2.7771,2.81284,1.42025,5230637
2005-12-16,2.7671799999999998,2.8446,2.7195400000000003,2.8187900000000004,1.423254,6144995
2005-12-19,2.81482,2.82872,2.8049,2.82872,1.428268,3920095
2005-12-20,2.80291,2.83269,2.80291,2.83269,1.430272,4610476
2005-12-21,2.8187900000000004,2.9081200000000003,2.8187900000000004,2.9081200000000003,1.468358,7199505
2005-12-22,2.8366599999999997,2.86445,2.83269,2.86445,1.446308,5480730
2005-12-23,2.85452,2.8862799999999997,2.85452,2.8862799999999997,1.457331,4292189
2005-12-26,2.86445,2.86445,2.86445,2.86445,1.446308,0
2005-12-27,2.88033,2.88033,2.88033,2.88033,1.454326,2316787
2005-12-28,2.84857,2.84857,2.84857,2.84857,1.43829,2711076
2005-12-29,2.8366599999999997,2.8366599999999997,2.8366599999999997,2.8366599999999997,1.432277,7632202
2005-12-30,2.78306,2.78306,2.78306,2.78306,1.4052129999999998,23872220
2006-01-02,2.80887,2.80887,2.80887,2.80887,1.418245,3095396
2006-01-03,2.81681,2.81681,2.81681,2.81681,1.4222540000000001,3995458
2006-01-04,2.87636,2.87636,2.87636,2.87636,1.452322,4755106
2006-01-05,2.8843,2.8843,2.8843,2.8843,1.456331,6376827
2006-01-06,2.86246,2.86246,2.86246,2.86246,1.445303,0
2006-01-09,2.9101,2.9101,2.9101,2.9101,1.469358,9236200
2006-01-10,2.89819,2.89819,2.89819,2.89819,1.463344,4897418
2006-01-11,2.84658,2.84658,2.84658,2.84658,1.4372850000000001,3044536
2006-01-12,2.8525400000000003,2.8525400000000003,2.8525400000000003,2.8525400000000003,1.440295,4632304
2006-01-13,2.8386400000000003,2.8386400000000003,2.8386400000000003,2.8386400000000003,1.4332770000000001,7159119
2006-01-16,2.82673,2.82673,2.82673,2.82673,1.427263,2559267
2006-01-17,2.80291,2.80291,2.80291,2.80291,1.4152360000000002,2437493
2006-01-18,2.80887,2.80887,2.80887,2.80887,1.418245,5147007
2006-01-19,2.8366599999999997,2.8366599999999997,2.8366599999999997,2.8366599999999997,1.432277,5052436
2006-01-20,2.8446,2.8446,2.8446,2.8446,1.436285,5305425
2006-01-23,2.7890200000000003,2.7890200000000003,2.7890200000000003,2.7890200000000003,1.408223,8418861
2006-01-24,2.81681,2.81681,2.81681,2.81681,1.4222540000000001,3161132
2006-01-25,2.83467,2.83467,2.83467,2.83467,1.4312719999999999,4516191
2006-01-26,2.84857,2.84857,2.84857,2.84857,1.43829,6644939
2006-01-27,2.91804,2.91804,2.91804,2.91804,1.473367,12918323
2006-01-30,2.93194,2.93194,2.93194,2.93194,1.480385,5166871
2006-01-31,2.93392,2.93392,2.93392,2.93392,1.481385,3250575
2006-02-01,2.94782,2.94782,2.94782,2.94782,1.4884030000000001,3591869
2006-02-02,2.94584,2.94584,2.94584,2.94584,1.4874040000000002,4784354
2006-02-03,2.91209,2.91209,2.91209,2.91209,1.4703629999999999,3438262
2006-02-06,2.9001799999999998,2.9001799999999998,2.9001799999999998,2.9001799999999998,1.464349,5652205
2006-02-07,2.9220099999999998,2.9220099999999998,2.9220099999999998,2.9220099999999998,1.475371,6940310
2006-02-08,2.94782,2.94782,2.94782,2.94782,1.4884030000000001,8108090
2006-02-09,2.94782,2.94782,2.94782,2.94782,1.4884030000000001,4999818
2006-02-10,3.0173,3.0173,3.0173,3.0173,1.523484,4410930
2006-02-13,2.98157,2.98157,2.98157,2.98157,1.505444,2040221
2006-02-14,3.08677,3.08677,3.08677,3.08677,1.558561,8430236
2006-02-15,3.15625,3.15625,3.15625,3.15625,1.593643,14422088
2006-02-16,3.18404,3.18404,3.18404,3.18404,1.607674,9689636
2006-02-17,3.23367,3.23367,3.23367,3.23367,1.632734,25415284
2006-02-20,3.23367,3.23367,3.23367,3.23367,1.632734,3709452
2006-02-21,3.2297,3.2297,3.2297,3.2297,1.630729,6357543
2006-02-22,3.23565,3.23565,3.23565,3.23565,1.633733,6308768
2006-02-23,3.2217599999999997,3.2217599999999997,3.2217599999999997,3.2217599999999997,1.6267200000000002,4819693
2006-02-24,3.2158,3.2158,3.2158,3.2158,1.6237110000000001,6550977
2006-02-27,3.29521,3.29521,3.29521,3.29521,1.6638060000000001,5180613
2006-02-28,3.28131,3.28131,3.28131,3.28131,1.6567880000000001,11319725
2006-03-01,3.24955,3.24955,3.24955,3.24955,1.640752,2639436
2006-03-02,3.24955,3.24955,3.24955,3.24955,1.640752,2653068
2006-03-03,3.21382,3.21382,3.21382,3.21382,1.622711,2268783
2006-03-06,3.23565,3.23565,3.23565,3.23565,1.633733,3147007
2006-03-07,3.17809,3.17809,3.17809,3.17809,1.60467,3141128
2006-03-08,3.18404,3.18404,3.18404,3.18404,1.607674,5441376
2006-03-09,3.15427,3.15427,3.15427,3.15427,1.592643,2989384
2006-03-10,3.09273,3.09273,3.09273,3.09273,1.5615700000000001,2834135
2006-03-13,3.15824,3.15824,3.15824,3.15824,1.594648,1539975
2006-03-14,3.19198,3.19198,3.19198,3.19198,1.611683,2768036
2006-03-15,3.22573,3.22573,3.22573,3.22573,1.628725,24303960
2006-03-16,3.18404,3.18404,3.18404,3.18404,1.607674,6217134
2006-03-17,3.26543,3.26543,3.26543,3.26543,1.64877,1652929
2006-03-20,3.27536,3.27536,3.27536,3.27536,1.653784,2552038
2006-03-21,3.3547599999999997,3.3547599999999997,3.3547599999999997,3.3547599999999997,1.693874,4840136
2006-03-22,3.38056,3.38056,3.38056,3.38056,1.7069009999999998,5785888
2006-03-23,3.42424,3.42424,3.42424,3.42424,1.7289560000000002,5025268
2006-03-24,3.4123300000000003,3.4123300000000003,3.4123300000000003,3.4123300000000003,1.7229419999999998,2808060
2006-03-27,3.39446,3.39446,3.39446,3.39446,1.713919,2202433
2006-03-28,3.32101,3.32101,3.32101,3.32101,1.6768330000000002,2035974
2006-03-29,3.31506,3.31506,3.31506,3.31506,1.673829,3691352
2006-03-30,3.33491,3.33491,3.33491,3.33491,1.6838509999999998,1188858
2006-03-31,3.3368900000000004,3.3368900000000004,3.3368900000000004,3.3368900000000004,1.6848509999999999,2310918
2006-04-03,3.36865,3.36865,3.36865,3.36865,1.7008869999999998,1863300
2006-04-04,3.3646800000000003,3.3646800000000003,3.3646800000000003,3.3646800000000003,1.6988830000000001,2320943
2006-04-05,3.3448300000000004,3.3448300000000004,3.3448300000000004,3.3448300000000004,1.6888599999999998,3378067
2006-04-06,3.3547599999999997,3.3547599999999997,3.3547599999999997,3.3547599999999997,1.693874,4182595
2006-04-07,3.3329199999999997,3.3329199999999997,3.3329199999999997,3.3329199999999997,1.6828470000000002,1076927
2006-04-10,3.3249800000000005,3.3249800000000005,3.3249800000000005,3.3249800000000005,1.678838,2615059
2006-04-11,3.23367,3.23367,3.23367,3.23367,1.632734,1660909
2006-04-12,3.2217599999999997,3.2217599999999997,3.2217599999999997,3.2217599999999997,1.6267200000000002,2946298
2006-04-13,3.26146,3.26146,3.26146,3.26146,1.6467650000000003,941400
2006-04-18,3.26543,3.26543,3.26543,3.26543,1.64877,1553360
2006-04-19,3.29521,3.29521,3.29521,3.29521,1.6638060000000001,1671049
2006-04-20,3.29521,3.29521,3.29521,3.29521,1.6638060000000001,1615429
2006-04-21,3.29521,3.29521,3.29521,3.29521,1.6638060000000001,2446989
2006-04-24,3.29124,3.29124,3.29124,3.29124,1.661802,2521682
2006-04-25,3.29124,3.29124,3.29124,3.29124,1.661802,4006299
2006-04-26,3.3607099999999996,3.3607099999999996,3.3607099999999996,3.3607099999999996,1.6968779999999999,1685054
2006-04-27,3.4024,3.4024,3.4024,3.4024,1.717928,6572916
2006-04-28,3.3865199999999995,3.3865199999999995,3.3865199999999995,3.3865199999999995,1.7099099999999998,4402397
2006-05-02,3.3408599999999997,3.3408599999999997,3.3408599999999997,3.3408599999999997,1.6868560000000001,5267114
2006-05-03,3.3448300000000004,3.3448300000000004,3.3448300000000004,3.3448300000000004,1.6888599999999998,8197125
2006-05-04,3.31506,3.31506,3.31506,3.31506,1.673829,5510875
2006-05-05,3.3130699999999997,3.3130699999999997,3.3130699999999997,3.3130699999999997,1.752103,2670951
2006-05-08,3.32895,3.32895,3.32895,3.32895,1.7605009999999999,2994956
2006-05-09,3.31506,3.31506,3.31506,3.31506,1.7531560000000002,3906095
2006-05-10,3.30712,3.30712,3.30712,3.30712,1.7489569999999999,6485564
2006-05-11,3.30513,3.30513,3.30513,3.30513,1.7479040000000001,8930714
2006-05-12,3.28528,3.28528,3.28528,3.28528,1.7374060000000002,4728774
2006-05-15,3.2713900000000002,3.2713900000000002,3.2713900000000002,3.2713900000000002,1.730061,3775379
2006-05-16,3.20588,3.20588,3.20588,3.20588,1.6954169999999997,3801948
2006-05-17,3.17015,3.17015,3.17015,3.17015,1.676521,3674385
2006-05-18,3.1503,3.1503,3.1503,3.1503,1.666023,3420005
2006-05-19,3.1661799999999998,3.1661799999999998,3.1661799999999998,3.1661799999999998,1.674421,1791559
2006-05-22,3.14633,3.14633,3.14633,3.14633,1.6639240000000002,4715666
2006-05-23,3.02127,3.02127,3.02127,3.02127,1.5977860000000002,4496147
2006-05-24,2.99745,2.99745,2.99745,2.99745,1.585189,2879217
2006-05-25,3.05104,3.05104,3.05104,3.05104,1.61353,2011562
2006-05-26,3.06494,3.06494,3.06494,3.06494,1.620881,4995234
2006-05-29,3.06494,3.06494,3.06494,3.06494,1.620881,2199314
2006-05-30,3.15625,3.15625,3.15625,3.15625,1.669169,12250203
2006-05-31,3.03715,3.03715,3.03715,3.03715,1.606184,13901440
2006-06-01,3.02524,3.02524,3.02524,3.02524,1.599885,4951230
2006-06-02,2.99149,2.99149,2.99149,2.99149,1.5820370000000001,13509210
2006-06-05,3.02127,3.02127,3.02127,3.02127,1.5977860000000002,3875401
2006-06-06,3.00737,3.00737,3.00737,3.00737,1.590435,5670693
2006-06-07,2.9716400000000003,2.9716400000000003,2.9716400000000003,2.9716400000000003,1.571539,4749116
2006-06-08,2.91407,2.91407,2.91407,2.91407,1.541094,3799645
2006-06-09,2.86048,2.86048,2.86048,2.86048,1.512753,4547389
2006-06-12,2.86048,2.86048,2.86048,2.86048,1.512753,4285196
2006-06-13,2.79696,2.79696,2.79696,2.79696,1.479161,4479759
2006-06-14,2.8187900000000004,2.8187900000000004,2.8187900000000004,2.8187900000000004,1.490705,4496923
2006-06-15,2.8187900000000004,2.8187900000000004,2.8187900000000004,2.8187900000000004,1.490705,5769486
2006-06-16,2.8187900000000004,2.8187900000000004,2.8187900000000004,2.8187900000000004,1.490705,4642852
2006-06-19,2.88827,2.88827,2.88827,2.88827,1.527449,4274910
2006-06-20,2.87834,2.87834,2.87834,2.87834,1.522198,8129848
2006-06-21,2.91804,2.91804,2.91804,2.91804,1.543193,4527738
2006-06-22,2.91804,2.91804,2.91804,2.91804,1.543193,2410587
2006-06-23,2.92598,2.92598,2.92598,2.92598,1.547392,3510682
2006-06-26,2.91209,2.91209,2.91209,2.91209,1.540047,2040760
2006-06-27,2.88231,2.88231,2.88231,2.88231,1.524297,2249418
2006-06-28,2.87834,2.87834,2.87834,2.87834,1.522198,2298601
2006-06-29,2.94782,2.94782,2.94782,2.94782,1.558942,9974655
2006-06-30,2.95378,2.95378,2.95378,2.95378,1.562094,6800581
2006-07-03,2.94782,2.94782,2.94782,2.94782,1.558942,9459694
2006-07-04,3.00737,3.00737,3.00737,3.00737,1.590435,4793271
2006-07-05,3.00737,3.00737,3.00737,3.00737,1.590435,6043689
2006-07-06,2.95775,2.95775,2.95775,2.95775,1.564193,5182150
2006-07-07,2.9557599999999997,2.9557599999999997,2.9557599999999997,2.9557599999999997,1.563141,5041560
2006-07-10,2.9557599999999997,2.9557599999999997,2.9557599999999997,2.9557599999999997,1.563141,1891067
2006-07-11,2.9756099999999996,2.9756099999999996,2.9756099999999996,2.9756099999999996,1.573639,3160573
2006-07-12,3.00142,3.00142,3.00142,3.00142,1.587289,4292153
2006-07-13,2.96767,2.96767,2.96767,2.96767,1.56944,3776220
2006-07-14,2.94385,2.94385,2.94385,2.94385,1.556843,4794137
2006-07-17,2.91606,2.91606,2.91606,2.91606,1.542146,2983259
2006-07-18,2.8942200000000002,2.8942200000000002,2.8942200000000002,2.8942200000000002,1.5305959999999998,5112001
2006-07-19,2.95378,2.95378,2.95378,2.95378,1.562094,4745272
2006-07-20,2.99745,2.99745,2.99745,2.99745,1.585189,4041053
2006-07-21,3.0272200000000002,3.0272200000000002,3.0272200000000002,3.0272200000000002,1.600933,6550932
2006-07-24,3.057,3.057,3.057,3.057,1.616681,16859797
2006-07-25,3.12052,3.12052,3.12052,3.12052,1.6502740000000002,5040084
2006-07-26,3.1225099999999997,3.1225099999999997,3.1225099999999997,3.1225099999999997,1.6513259999999998,7052301
2006-07-27,3.057,3.057,3.057,3.057,1.616681,4113328
2006-07-28,3.057,3.057,3.057,3.057,1.616681,3154387
2006-07-31,3.057,3.057,3.057,3.057,1.616681,7479305
2006-08-01,3.07288,3.07288,3.07288,3.07288,1.6250799999999999,3986068
2006-08-02,3.06494,3.06494,3.06494,3.06494,1.620881,4268854
2006-08-03,3.0173,3.0173,3.0173,3.0173,1.5956860000000002,3098620
2006-08-04,3.07685,3.07685,3.07685,3.07685,1.6271790000000002,5524859
2006-08-07,3.0708900000000003,3.0708900000000003,3.0708900000000003,3.0708900000000003,1.624027,2667516
2006-08-08,3.0748599999999997,3.0748599999999997,3.0748599999999997,3.0748599999999997,1.626127,1456658
2006-08-09,3.05303,3.05303,3.05303,3.05303,1.614582,1470915
2006-08-10,3.04707,3.04707,3.04707,3.04707,1.61143,2952393
2006-08-11,3.08677,3.08677,3.08677,3.08677,1.632425,1440603
2006-08-14,3.11457,3.11457,3.11457,3.11457,1.647127,2155341
2006-08-15,3.14633,3.14633,3.14633,3.14633,1.6639240000000002,2382250
2006-08-16,3.14633,3.14633,3.14633,3.14633,1.6639240000000002,2542850
2006-08-17,3.14831,3.14831,3.14831,3.14831,1.66497,3068022
2006-08-18,3.14434,3.14434,3.14434,3.14434,1.662871,2782943
2006-08-21,3.1225099999999997,3.1225099999999997,3.1225099999999997,3.1225099999999997,1.6513259999999998,1958204
2006-08-22,3.1225099999999997,3.1225099999999997,3.1225099999999997,3.1225099999999997,1.6513259999999998,1889455
2006-08-23,3.13243,3.13243,3.13243,3.13243,1.6565729999999999,3911062
2006-08-24,3.12648,3.12648,3.12648,3.12648,1.6534259999999998,959803
2006-08-25,3.12449,3.12449,3.12449,3.12449,1.6523729999999999,2745070
2006-08-28,3.0748599999999997,3.06295,3.09273,3.1106,1.645028,1191327
2006-08-29,3.0847900000000004,3.08082,3.09869,3.11457,1.647127,1602316
2006-08-30,3.10067,3.0847900000000004,3.11655,3.12449,1.6523729999999999,2039602
2006-08-31,3.13045,3.07883,3.1046400000000003,3.13045,1.6555259999999998,1821206
2006-09-01,3.11258,3.10663,3.1364,3.1602200000000003,1.671269,3003817
2006-09-04,3.1383900000000002,3.13045,3.14037,3.15625,1.669169,1586578
2006-09-05,3.14831,3.0847900000000004,3.09273,3.1522799999999997,1.66707,3695221
2006-09-06,3.10067,3.02921,3.057,3.1026599999999998,1.640829,2688225
2006-09-07,3.05303,3.06494,3.03516,3.057,1.616681,2138420
2006-09-08,3.06494,3.0411200000000003,3.05303,3.08677,1.632425,1807493
2006-09-11,3.04707,3.01333,3.04509,3.06097,1.618781,3301767
2006-09-12,3.0431,3.0272200000000002,3.0847900000000004,3.1046400000000003,1.641876,2391877
2006-09-13,3.09273,3.057,3.06097,3.0967,1.637677,2505380
2006-09-14,3.07685,3.1761,3.06891,3.16221,1.672322,6733480
2006-09-15,3.17015,3.12648,3.12846,3.19,1.6870189999999998,3185564
2006-09-18,3.12846,3.0887599999999997,3.10067,3.14831,1.66497,3211342
2006-09-19,3.08677,3.06692,3.06891,3.0967,1.637677,3946542
2006-09-20,3.07288,3.06692,3.1383900000000002,3.1383900000000002,1.6597240000000002,3079467
2006-09-21,3.1383900000000002,3.16221,3.11655,3.12846,1.6544729999999999,3163475
2006-09-22,3.1225099999999997,3.10663,3.11655,3.13243,1.6565729999999999,3057150
2006-09-25,3.13045,3.1364,3.0907400000000003,3.09869,1.638729,2896224
2006-09-26,3.12449,3.1086099999999997,3.15625,3.1661799999999998,1.674421,4705818
2006-09-27,3.14831,3.14236,3.1741200000000003,3.1741200000000003,1.678621,7574420
2006-09-28,3.1661799999999998,3.2237400000000003,3.1383900000000002,3.20191,1.693316,5894988
2006-09-29,3.20191,3.20191,3.2713900000000002,3.31506,1.7531560000000002,7588158
2006-10-02,3.2793300000000003,3.19794,3.22573,3.2833,1.73636,2569635
2006-10-03,3.23565,3.21183,3.2416099999999997,3.2555099999999997,1.7216630000000002,5664910
2006-10-04,3.27536,3.27536,3.3468199999999997,3.3547599999999997,1.7741509999999998,14742380
2006-10-05,3.37659,3.33491,3.3646800000000003,3.41034,1.8035439999999998,7335234
2006-10-06,3.36865,3.31903,3.3448300000000004,3.38056,1.787795,4194162
2006-10-09,3.3547599999999997,3.3885,3.3448300000000004,3.3706400000000003,1.7825490000000002,3921828
2006-10-10,3.3865199999999995,3.3726199999999995,3.38255,3.39247,1.794093,3289536
2006-10-11,3.3646800000000003,3.3646800000000003,3.42821,3.43813,1.81824,3027741
2006-10-12,3.4460699999999997,3.43813,3.5215,3.52944,1.866529,6703693
2006-10-13,3.54334,3.4579800000000005,3.4778300000000004,3.54731,1.87598,5604841
2006-10-16,3.4957,3.4460699999999997,3.47188,3.4957,1.848686,7581881
2006-10-17,3.4798199999999997,3.42622,3.45004,3.4798199999999997,1.8402889999999998,9527480
2006-10-18,3.4897400000000003,3.45401,3.55525,3.56121,1.883331,7431130
2006-10-19,3.56716,3.55525,3.57113,3.68031,1.9463169999999999,8804567
2006-10-20,3.59495,3.55326,3.57709,3.60091,1.9043259999999997,6499074
2006-10-23,3.589,3.55724,3.58701,3.589,1.8980279999999998,4052887
2006-10-24,3.5651800000000002,3.4738599999999997,3.52547,3.5651800000000002,1.885431,7238778
2006-10-25,3.52547,3.46394,3.46394,3.54334,1.8738810000000001,8470346
2006-10-26,3.4659199999999997,3.50165,3.41431,3.42424,1.8108950000000001,9727272
2006-10-27,3.45203,3.43019,3.43416,3.45401,1.826639,7909981
2006-10-30,3.42424,3.53341,3.3249800000000005,3.4937099999999996,1.847634,5973556
2006-10-31,3.51356,3.51356,3.44409,3.44409,1.821393,5607037
2006-11-01,3.44409,3.43416,3.33491,3.3746099999999997,1.784648,7703319
2006-11-02,3.33491,3.4043900000000002,3.29521,3.3746099999999997,1.784648,11371307
2006-11-03,3.3547599999999997,3.45401,3.3448300000000004,3.45401,1.826639,9909042
2006-11-06,3.48379,3.48379,3.42424,3.43416,1.816141,5379459
2006-11-07,3.45401,3.4738599999999997,3.39446,3.4738599999999997,1.837136,9729991
2006-11-08,3.4738599999999997,3.4738599999999997,3.4043900000000002,3.44409,1.821393,4939974
2006-11-09,3.46394,3.4738599999999997,3.41431,3.44409,1.821393,5016155
2006-11-10,3.44409,3.4738599999999997,3.42424,3.45401,1.826639,10379928
2006-11-13,3.4738599999999997,3.5234900000000002,3.45401,3.5036400000000003,1.852886,11920695
2006-11-14,3.5036400000000003,3.5234900000000002,3.46394,3.48379,1.8423880000000001,4333816
2006-11-15,3.48379,3.4937099999999996,3.44409,3.45401,1.826639,7191468
2006-11-16,3.45401,3.4738599999999997,3.43416,3.43416,1.816141,7837250
2006-11-17,3.43416,3.46394,3.41431,3.42424,1.832236,11077866
2006-11-20,3.43416,3.43416,3.4043900000000002,3.43416,1.8375439999999998,6791777
2006-11-21,3.43416,3.44409,3.41431,3.44409,1.842857,2662340
2006-11-22,3.44409,3.4738599999999997,3.42424,3.46394,1.853479,4852299
2006-11-23,3.46394,3.4738599999999997,3.42424,3.44409,1.842857,4059153
2006-11-24,3.43416,3.45401,3.3646800000000003,3.4043900000000002,1.8216150000000002,4024071
2006-11-27,3.41431,3.42424,3.31506,3.31506,1.773816,7783782
2006-11-28,3.31506,3.39446,3.28528,3.3746099999999997,1.80568,5022668
2006-11-29,3.41431,3.44409,3.3845300000000003,3.42424,1.832236,5152092
2006-11-30,3.42424,3.42424,3.3547599999999997,3.3746099999999997,1.80568,2750314
2006-12-01,3.39446,3.4043900000000002,3.31506,3.33491,1.7844380000000002,3880436
2006-12-04,3.3448300000000004,3.3746099999999997,3.31506,3.3547599999999997,1.795059,4666231
2006-12-05,3.3746099999999997,3.3746099999999997,3.3547599999999997,3.3646800000000003,1.8003669999999998,4574756
2006-12-06,3.3547599999999997,3.42424,3.31506,3.31506,1.773816,9744919
2006-12-07,3.31506,3.3547599999999997,3.31506,3.31506,1.773816,5452780
2006-12-08,3.31506,3.3547599999999997,3.30513,3.3547599999999997,1.795059,2878946
2006-12-11,3.3646800000000003,3.3746099999999997,3.3448300000000004,3.3547599999999997,1.795059,9143552
2006-12-12,3.3547599999999997,3.3646800000000003,3.33491,3.3547599999999997,1.795059,3230859
2006-12-13,3.3646800000000003,3.3646800000000003,3.33491,3.3448300000000004,1.7897459999999998,3034328
2006-12-14,3.3547599999999997,3.48379,3.3547599999999997,3.45401,1.848166,9315698
2006-12-15,3.4738599999999997,3.4937099999999996,3.43416,3.46394,1.853479,9888678
2006-12-18,3.48379,3.4937099999999996,3.45401,3.4738599999999997,1.858787,3587435
2006-12-19,3.4738599999999997,3.48379,3.43416,3.45401,1.848166,4540562
2006-12-20,3.48379,3.48379,3.45401,3.46394,1.853479,2605306
2006-12-21,3.44409,3.48379,3.42424,3.42424,1.832236,3395540
2006-12-22,3.41431,3.44409,3.3845300000000003,3.4043900000000002,1.8216150000000002,2790630
2006-12-27,3.42424,3.42424,3.4043900000000002,3.42424,1.832236,1787214
2006-12-28,3.42424,3.43416,3.39446,3.39446,1.816302,1605057
2006-12-29,3.4043900000000002,3.42424,3.3845300000000003,3.39446,1.816302,1833071
2007-01-01,3.39446,3.39446,3.39446,3.39446,1.816302,0
2007-01-02,3.44409,3.56319,3.43416,3.54334,1.895964,6934815
2007-01-03,3.58304,3.64259,3.57312,3.60289,1.9278279999999999,9477991
2007-01-04,3.6128199999999997,3.68229,3.58304,3.67237,1.965006,8713667
2007-01-05,3.67237,4.03961,3.67237,3.87088,2.071224,28142896
2007-01-08,4.01975,4.01975,3.8808,3.8907300000000005,2.081845,23786189
2007-01-09,3.9502800000000002,3.9502800000000002,3.87088,3.8907300000000005,2.081845,9873693
2007-01-10,3.86095,3.86095,3.7319199999999997,3.78155,2.023425,14657269
2007-01-11,3.82125,3.86095,3.78155,3.81132,2.039354,11172416
2007-01-12,3.82125,3.8907300000000005,3.81132,3.87088,2.071224,9228644
2007-01-15,3.9105800000000004,3.9105800000000004,3.8510199999999997,3.86095,2.0659110000000003,7758702
2007-01-16,3.87088,3.90065,3.8510199999999997,3.86095,2.0659110000000003,5453676
2007-01-17,3.87088,3.8907300000000005,3.8014,3.82125,2.044668,7970175
2007-01-18,3.82125,3.87088,3.81132,3.8311699999999997,2.049976,5841276
2007-01-19,3.8411,3.8510199999999997,3.79147,3.81132,2.039354,4289831
2007-01-22,3.82125,3.8411,3.7517699999999996,3.78155,2.023425,5979056
2007-01-23,3.78155,3.8014,3.7120699999999998,3.7617,2.012804,9189720
2007-01-24,3.74185,3.8014,3.7319199999999997,3.78155,2.023425,5073261
2007-01-25,3.79147,3.82125,3.7716199999999995,3.8014,2.034046,3812541
2007-01-26,3.8014,3.8014,3.722,3.74185,2.002182,5228009
2007-01-29,3.74185,3.7517699999999996,3.69222,3.7120699999999998,1.986248,7026808
2007-01-30,3.722,3.82125,3.7120699999999998,3.82125,2.044668,14515112
2007-01-31,3.8311699999999997,3.8411,3.7716199999999995,3.81132,2.039354,7656291
2007-02-01,3.8411,3.8808,3.8311699999999997,3.8411,2.055289,6166640
2007-02-02,3.87088,3.8808,3.8411,3.87088,2.071224,4637242
2007-02-05,3.8808,3.8907300000000005,3.82125,3.82125,2.044668,6588256
2007-02-06,3.8311699999999997,3.9105800000000004,3.8311699999999997,3.9105800000000004,2.092466,7199658
2007-02-07,3.9205,4.02968,3.90065,3.98005,2.129638,11147649
2007-02-08,3.9999,4.02968,3.9105800000000004,3.9205,2.0977740000000002,7771506
2007-02-09,3.9602,3.98998,3.94035,3.9602,2.119017,3581436
2007-02-12,3.97013,3.97013,3.90065,3.9105800000000004,2.092466,3912846
2007-02-13,3.94035,3.9602,3.9205,3.94035,2.108396,3772453
2007-02-14,3.9502800000000002,3.97013,3.9205,3.9502800000000002,2.113709,4061959
2007-02-15,3.9304300000000003,3.9602,3.9105800000000004,3.9105800000000004,2.092466,3245158
2007-02-16,3.9105800000000004,3.9602,3.9105800000000004,3.94035,2.108396,6003523
2007-02-19,3.94035,4.01975,3.94035,3.97013,2.124331,6340988
2007-02-20,3.98005,3.98005,3.94035,3.97013,2.124331,4055603
2007-02-21,3.98005,3.9999,3.9602,3.9602,2.119017,3206238
2007-02-22,3.9602,3.9999,3.9502800000000002,3.9502800000000002,2.113709,3960740
2007-02-23,3.97013,3.98005,3.9205,3.9602,2.119017,2478598
2007-02-26,3.9502800000000002,3.9999,3.9502800000000002,3.9999,2.14026,3478444
2007-02-27,3.98005,3.98998,3.79147,3.8311699999999997,2.049976,6752694
2007-02-28,3.7716199999999995,3.90065,3.66244,3.722,1.9915610000000001,13885529
2007-03-01,3.7617,3.8311699999999997,3.6227400000000003,3.722,1.9915610000000001,8477949
2007-03-02,3.74185,3.8808,3.68229,3.8014,2.034046,28865110
2007-03-05,3.7120699999999998,3.722,3.6326699999999996,3.6326699999999996,1.9437630000000001,15625863
2007-03-06,3.6326699999999996,3.68229,3.6128199999999997,3.6227400000000003,1.93845,10524772
2007-03-07,3.67237,3.69222,3.60289,3.68229,1.9703130000000002,7490400
2007-03-08,3.68229,3.7517699999999996,3.68229,3.74185,2.002182,7627968
2007-03-09,3.74185,3.7716199999999995,3.7120699999999998,3.7617,2.012804,6289551
2007-03-12,3.7716199999999995,3.7716199999999995,3.67237,3.68229,1.9703130000000002,6065059
2007-03-13,3.722,3.722,3.60289,3.6128199999999997,1.933141,7103193
2007-03-14,3.56319,3.57312,3.4738599999999997,3.4738599999999997,1.858787,10286410
2007-03-15,3.55326,3.5929699999999998,3.51356,3.55326,1.901272,6793916
2007-03-16,3.57312,3.5929699999999998,3.5234900000000002,3.5929699999999998,1.92252,5929555
2007-03-19,3.5929699999999998,3.68229,3.5929699999999998,3.68229,1.9703130000000002,5058135
2007-03-20,3.68229,3.7120699999999998,3.6525199999999995,3.68229,1.9703130000000002,5415924
2007-03-21,3.7120699999999998,3.7120699999999998,3.66244,3.66244,1.9596919999999998,6357039
2007-03-22,3.7319199999999997,3.78155,3.7120699999999998,3.7517699999999996,2.00749,5383312
2007-03-23,3.7517699999999996,3.7517699999999996,3.7120699999999998,3.7319199999999997,1.9968689999999998,5150291
2007-03-26,3.79147,3.79147,3.722,3.722,1.9915610000000001,4892293
2007-03-27,3.7617,3.82125,3.7517699999999996,3.79147,2.0287330000000003,6210592
2007-03-28,3.8014,3.8411,3.7517699999999996,3.7716199999999995,2.018112,9333330
2007-03-29,3.8014,3.8014,3.7716199999999995,3.7716199999999995,2.018112,4885345
2007-03-30,3.79147,3.8510199999999997,3.7617,3.81132,2.039354,5604034
2007-04-02,3.82125,3.8808,3.81132,3.8808,2.076531,4646839
2007-04-03,3.90065,3.9602,3.8808,3.9602,2.119017,11996899
2007-04-04,3.94035,3.9502800000000002,3.86095,3.8808,2.076531,8433139
2007-04-05,3.8907300000000005,3.94035,3.8808,3.9304300000000003,2.103087,2985248
2007-04-10,3.8907300000000005,3.94035,3.8907300000000005,3.90065,2.087153,5223481
2007-04-11,3.9105800000000004,3.97013,3.90065,3.9304300000000003,2.103087,7623293
2007-04-12,3.94035,3.9502800000000002,3.90065,3.9205,2.0977740000000002,8552830
2007-04-13,3.9205,4.04953,3.9205,4.01975,2.150881,7069843
2007-04-16,4.04953,4.1090800000000005,4.03961,4.0793099999999995,2.18275,10664050
2007-04-17,4.05946,4.069380000000001,3.98005,3.9999,2.14026,12831259
2007-04-18,3.9999,4.01975,3.9205,3.9502800000000002,2.113709,8117434
2007-04-19,3.8808,3.97013,3.87088,3.9602,2.119017,28170019
2007-04-20,3.97013,4.02968,3.94035,4.01975,2.150881,8379454
2007-04-23,4.03961,4.04953,3.98998,3.98998,2.134952,5924354
2007-04-24,3.98998,4.01975,3.7319199999999997,3.87088,2.071224,16646883
2007-04-25,3.9105800000000004,3.94035,3.8311699999999997,3.8808,2.076531,8706610
2007-04-26,3.9105800000000004,3.98005,3.90065,3.94035,2.108396,7016635
2007-04-27,3.94035,3.9502800000000002,3.81132,3.8411,2.055289,9883101
2007-04-30,3.8510199999999997,3.8808,3.8014,3.81132,2.039354,5512769
2007-05-02,3.8510199999999997,3.90065,3.8311699999999997,3.8907300000000005,2.081845,6192544
2007-05-03,3.90065,3.9105800000000004,3.7517699999999996,3.87088,2.071224,8884211
2007-05-04,3.81132,3.8808,3.8014,3.8510199999999997,2.0875619999999997,4564957
2007-05-07,3.8808,3.8808,3.8014,3.81132,2.066041,6948156
2007-05-08,3.81132,3.82125,3.7517699999999996,3.7617,2.039144,19719848
2007-05-09,3.7617,3.8014,3.722,3.74185,2.0283830000000003,9495914
2007-05-10,3.7617,3.8014,3.68229,3.7617,2.039144,8402057
2007-05-11,3.7120699999999998,3.7716199999999995,3.70214,3.7716199999999995,2.044521,4905602
2007-05-14,3.8014,3.8014,3.7120699999999998,3.7120699999999998,2.0122400000000003,3974520
2007-05-15,3.722,3.74185,3.70214,3.722,2.017623,6716730
2007-05-16,3.69222,3.7319199999999997,3.68229,3.7120699999999998,2.0122400000000003,8153343
2007-05-17,3.722,3.74185,3.69222,3.7120699999999998,2.0122400000000003,15119046
2007-05-18,3.722,3.74185,3.70214,3.722,2.017623,19870658
2007-05-21,3.74185,3.8014,3.7120699999999998,3.78155,2.049904,13691566
2007-05-22,3.79147,3.8311699999999997,3.78155,3.8014,2.060664,9723191
2007-05-23,3.82125,3.8510199999999997,3.81132,3.8510199999999997,2.0875619999999997,7210798
2007-05-24,3.8510199999999997,3.8510199999999997,3.79147,3.81132,2.066041,6211474
2007-05-25,3.8014,3.81132,3.7319199999999997,3.7617,2.039144,10988488
2007-05-28,3.7716199999999995,3.8014,3.7517699999999996,3.8014,2.060664,4430923
2007-05-29,3.81132,3.82125,3.7617,3.7716199999999995,2.044521,5429979
2007-05-30,3.7617,3.7716199999999995,3.70214,3.722,2.017623,16396493
2007-05-31,3.722,3.8014,3.722,3.79147,2.055281,7621363
2007-06-01,3.8014,3.8411,3.79147,3.8014,2.060664,8223768
2007-06-04,3.81132,3.8411,3.7716199999999995,3.8014,2.060664,6727639
2007-06-05,3.8014,3.81132,3.74185,3.74185,2.0283830000000003,4523279
2007-06-06,3.8014,3.8014,3.6128199999999997,3.6326699999999996,1.9691990000000001,13424491
2007-06-07,3.6525199999999995,3.66244,3.55326,3.57312,1.9369180000000001,13124899
2007-06-08,3.57312,3.6326699999999996,3.53341,3.5929699999999998,1.9476790000000002,10464600
2007-06-11,3.6227400000000003,3.6525199999999995,3.60289,3.6128199999999997,1.9584380000000001,6194082
2007-06-12,3.6128199999999997,3.6227400000000003,3.56319,3.57312,1.9369180000000001,4214493
2007-06-13,3.57312,3.5929699999999998,3.5234900000000002,3.55326,1.926152,6866680
2007-06-14,3.57312,3.6128199999999997,3.55326,3.58304,1.942295,9631218
2007-06-15,3.5929699999999998,3.64259,3.5929699999999998,3.6227400000000003,1.963816,10021574
2007-06-18,3.6227400000000003,3.6525199999999995,3.58304,3.60289,1.9530560000000001,5393438
2007-06-19,3.6128199999999997,3.6227400000000003,3.55326,3.5929699999999998,1.9476790000000002,7713165
2007-06-20,3.6128199999999997,3.6227400000000003,3.58304,3.5929699999999998,1.9476790000000002,6909095
2007-06-21,3.56319,3.58304,3.5234900000000002,3.55326,1.926152,6404607
2007-06-22,3.57312,3.5929699999999998,3.5036400000000003,3.51356,1.9046310000000002,5358526
2007-06-25,3.48379,3.56319,3.4738599999999997,3.55326,1.926152,7207058
2007-06-26,3.5234900000000002,3.57312,3.5234900000000002,3.54334,1.920775,7315118
2007-06-27,3.5234900000000002,3.55326,3.5036400000000003,3.5036400000000003,1.899254,9332323
2007-06-28,3.55326,3.64259,3.5234900000000002,3.60289,1.9530560000000001,8304302
2007-06-29,3.6227400000000003,3.6525199999999995,3.54334,3.6525199999999995,1.979959,21121259
2007-07-02,3.66244,3.7319199999999997,3.6227400000000003,3.68229,1.996097,12159372
2007-07-03,3.70214,3.7120699999999998,3.6326699999999996,3.66244,1.985337,10008056
2007-07-04,3.67237,3.69222,3.6128199999999997,3.68229,1.996097,6433631
2007-07-05,3.68229,3.69222,3.6128199999999997,3.6128199999999997,1.9584380000000001,7305076
2007-07-06,3.60289,3.6227400000000003,3.5929699999999998,3.6227400000000003,1.963816,4006045
2007-07-09,3.6128199999999997,3.64259,3.5929699999999998,3.60289,1.9530560000000001,2440391
2007-07-10,3.5929699999999998,3.6326699999999996,3.55326,3.56319,1.9315349999999998,6391301
2007-07-11,3.54334,3.55326,3.51356,3.54334,1.920775,3651580
2007-07-12,3.56319,3.57312,3.4937099999999996,3.54334,1.920775,4219360
2007-07-13,3.57312,3.6326699999999996,3.56319,3.6227400000000003,1.963816,6492294
2007-07-16,3.6227400000000003,3.6326699999999996,3.58304,3.60289,1.9530560000000001,2792071
2007-07-17,3.60289,3.6227400000000003,3.56319,3.58304,1.942295,4422306
2007-07-18,3.58304,3.60289,3.56319,3.57312,1.9369180000000001,3841855
2007-07-19,3.58304,3.60289,3.56319,3.57312,1.9369180000000001,4716626
2007-07-20,3.58304,3.58304,3.5036400000000003,3.53341,1.9153919999999998,7738153
2007-07-23,3.53341,3.55326,3.5036400000000003,3.5234900000000002,1.9100139999999999,5435646
2007-07-24,3.53341,3.57312,3.51356,3.5234900000000002,1.9100139999999999,7561510
2007-07-25,3.51356,3.53341,3.4738599999999997,3.48379,1.888494,5058092
2007-07-26,3.51356,3.51356,3.3547599999999997,3.39446,1.84007,8577223
2007-07-27,3.3746099999999997,3.43416,3.29521,3.3547599999999997,1.81855,7815034
2007-07-30,3.3547599999999997,3.3845300000000003,3.31506,3.3249800000000005,1.8024060000000002,5371242
2007-07-31,3.3448300000000004,3.4043900000000002,3.33491,3.4043900000000002,1.8454529999999998,5380412
2007-08-01,3.4043900000000002,3.41431,3.31506,3.3746099999999997,1.8293099999999998,5269133
2007-08-02,3.4043900000000002,3.5036400000000003,3.39446,3.42424,1.856212,5434821
2007-08-03,3.43416,3.44409,3.3249800000000005,3.3448300000000004,1.8131669999999998,3469225
2007-08-06,3.3249800000000005,3.41431,3.31506,3.3746099999999997,1.8293099999999998,3763264
2007-08-07,3.41431,3.42424,3.3448300000000004,3.3646800000000003,1.823927,4166055
2007-08-08,3.3746099999999997,3.46394,3.3646800000000003,3.44409,1.866973,5066800
2007-08-09,3.44409,3.4738599999999997,3.29521,3.31506,1.797029,8559757
2007-08-10,3.28528,3.31506,3.14633,3.27536,1.775508,9674662
2007-08-13,3.33491,3.3547599999999997,3.2555099999999997,3.33491,1.8077889999999999,7184797
2007-08-14,3.30513,3.33491,3.26543,3.26543,1.770125,3028058
2007-08-15,3.23565,3.27536,3.2158,3.2555099999999997,1.764748,1992648
2007-08-16,3.1761,3.2158,3.1364,3.1364,1.7001810000000002,6937946
2007-08-17,3.14633,3.29521,3.12648,3.28528,1.780886,7515782
2007-08-20,3.30513,3.31506,3.24558,3.26543,1.770125,3653741
2007-08-21,3.2555099999999997,3.26543,3.1661799999999998,3.2158,1.743222,4022493
2007-08-22,3.20588,3.26543,3.20588,3.23565,1.753982,5749116
2007-08-23,3.26543,3.30513,3.23565,3.26543,1.770125,6441745
2007-08-24,3.2555099999999997,3.26543,3.19595,3.2158,1.743222,4649939
2007-08-27,3.23565,3.23565,3.18603,3.19595,1.732462,2595498
2007-08-28,3.19595,3.23565,3.1661799999999998,3.1761,1.721701,3263373
2007-08-29,3.14633,3.18603,3.11655,3.15625,1.710941,4983439
2007-08-30,3.1761,3.19595,3.14633,3.1761,1.721701,3309925
2007-08-31,3.1761,3.22573,3.1761,3.2158,1.743222,5097021
2007-09-03,3.2158,3.23565,3.20588,3.23565,1.753982,2733523
2007-09-04,3.23565,3.23565,3.19595,3.22573,1.748604,3993909
2007-09-05,3.2158,3.23565,3.19595,3.19595,1.732462,4514656
2007-09-06,3.19595,3.20588,3.0967,3.15625,1.710941,7796707
2007-09-07,3.15625,3.1661799999999998,3.07685,3.08677,1.6732770000000001,4893546
2007-09-10,3.08677,3.14633,3.04707,3.10663,1.684043,4914602
2007-09-11,3.11655,3.14633,3.07685,3.12648,1.6948029999999998,3960411
2007-09-12,3.12648,3.1364,3.0967,3.11655,1.6894200000000001,3404096
2007-09-13,3.0967,3.12648,3.06692,3.08677,1.6732770000000001,5077246
2007-09-14,3.07685,3.08677,3.00737,3.0272200000000002,1.640996,3924115
2007-09-17,3.0272200000000002,3.0272200000000002,2.88827,2.88827,1.565674,10080769
2007-09-18,2.87834,3.0173,2.86842,3.0173,1.6356190000000002,6910755
2007-09-19,3.08677,3.10663,3.0173,3.07685,1.6679,9506052
2007-09-20,3.07685,3.07685,3.0173,3.057,1.657139,4276798
2007-09-21,3.06692,3.07685,3.0272200000000002,3.04707,1.651757,6349259
2007-09-24,3.04707,3.057,3.0272200000000002,3.04707,1.651757,6456009
2007-09-25,3.03715,3.04707,2.92797,2.94782,1.597955,6429245
2007-09-26,2.9776,3.0173,2.94782,2.9776,1.614098,9874141
2007-09-27,3.0173,3.0173,2.9776,3.00737,1.630236,9650416
2007-09-28,3.0173,3.15625,3.00737,3.14633,1.7055639999999999,13168899
2007-10-01,3.1761,3.27536,3.15625,3.26543,1.770125,16211064
2007-10-02,3.28528,3.30513,3.23565,3.24558,1.759365,15886596
2007-10-03,3.26543,3.3249800000000005,3.23565,3.3249800000000005,1.8024060000000002,10758707
2007-10-04,3.31506,3.3746099999999997,3.29521,3.29521,1.786268,10100832
2007-10-05,3.31506,3.3746099999999997,3.28528,3.3746099999999997,1.8293099999999998,7328431
2007-10-08,3.39446,3.39446,3.3448300000000004,3.3746099999999997,1.8293099999999998,4110176
2007-10-09,3.3746099999999997,3.3746099999999997,3.29521,3.31506,1.797029,4086182
2007-10-10,3.31506,3.3448300000000004,3.30513,3.33491,1.8077889999999999,6475805
2007-10-11,3.3448300000000004,3.3746099999999997,3.31506,3.3448300000000004,1.8131669999999998,4545819
2007-10-12,3.3547599999999997,3.3547599999999997,3.29521,3.3249800000000005,1.8024060000000002,2940707
2007-10-15,3.3249800000000005,3.33491,3.23565,3.23565,1.753982,9039644
2007-10-16,3.22573,3.26543,3.18603,3.23565,1.753982,6354656
2007-10-17,3.22573,3.23565,3.1761,3.19595,1.732462,8911595
2007-10-18,3.20588,3.26543,3.19595,3.22573,1.748604,6631307
2007-10-19,3.2158,3.2555099999999997,3.2158,3.22573,1.748604,7257433
2007-10-22,3.1661799999999998,3.20588,3.14633,3.15625,1.710941,7806039
2007-10-23,3.19595,3.2158,3.18603,3.19595,1.732462,7892415
2007-10-24,3.1761,3.2158,3.1661799999999998,3.1761,1.721701,4815964
2007-10-25,3.2158,3.2158,3.1661799999999998,3.19595,1.732462,8182344
2007-10-26,3.18603,3.2158,3.1761,3.2158,1.743222,6103950
2007-10-29,3.24558,3.3547599999999997,3.23565,3.3448300000000004,1.8131669999999998,7217939
2007-10-30,3.3448300000000004,3.3646800000000003,3.30513,3.33491,1.8077889999999999,6546463
2007-10-31,3.3448300000000004,3.3448300000000004,3.19595,3.2158,1.743222,78196500
2007-11-01,3.22573,3.2555099999999997,3.14633,3.1761,1.721701,9648073
2007-11-02,3.1661799999999998,3.19595,3.1364,3.1761,1.721701,8696160
2007-11-05,3.1661799999999998,3.18603,3.15625,3.15625,1.710941,6920957
2007-11-06,3.1761,3.24558,3.1761,3.2158,1.743222,9447364
2007-11-07,3.22573,3.24558,3.19595,3.2158,1.743222,8449143
2007-11-08,3.15625,3.1661799999999998,3.10663,3.15625,1.74347,9795171
2007-11-09,3.1661799999999998,3.18603,3.11655,3.15625,1.74347,10196333
2007-11-12,3.12648,3.19595,3.12648,3.1661799999999998,1.748955,5164851
2007-11-13,3.15625,3.1661799999999998,3.08677,3.12648,1.727026,7493777
2007-11-14,3.15625,3.1661799999999998,3.0967,3.10663,1.716061,7563987
2007-11-15,3.12648,3.15625,3.10663,3.10663,1.716061,8427359
2007-11-16,3.0967,3.10663,3.06692,3.0967,1.7105759999999999,6349956
2007-11-19,3.08677,3.12648,2.98752,3.00737,1.6612310000000001,10608998
2007-11-20,3.0173,3.04707,2.9776,3.0173,1.666716,8475057
2007-11-21,2.99745,3.00737,2.92797,2.92797,1.617372,6133953
2007-11-22,2.92797,2.96767,2.87834,2.9379,1.6228559999999999,7007273
2007-11-23,2.95775,3.0272200000000002,2.94782,3.0173,1.666716,6016726
2007-11-26,3.057,3.08677,2.96767,2.9776,1.644787,5755784
2007-11-27,2.9776,3.0173,2.95775,2.98752,1.650266,4758018
2007-11-28,2.98752,2.99745,2.9081200000000003,2.96767,1.639301,12430312
2007-11-29,2.99745,3.00737,2.95775,2.96767,1.639301,6853781
2007-11-30,2.9776,3.11655,2.9776,3.0967,1.7105759999999999,9584452
2007-12-03,3.11655,3.11655,3.03715,3.057,1.6886459999999999,6550499
2007-12-04,3.057,3.07685,2.99745,3.0272200000000002,1.672196,7605303
2007-12-05,3.04707,3.07685,3.03715,3.06692,1.6941259999999998,4301230
2007-12-06,3.07685,3.0967,2.99745,3.00737,1.6612310000000001,6807266
2007-12-07,3.03715,3.057,2.9776,2.9776,1.644787,8805610
2007-12-10,2.98752,3.03715,2.9776,3.0173,1.666716,7120486
2007-12-11,3.0272200000000002,3.07685,3.0173,3.07685,1.699611,6930302
2007-12-12,3.0272200000000002,3.0967,3.0173,3.06692,1.6941259999999998,4215838
2007-12-13,3.03715,3.04707,2.99745,3.0272200000000002,1.672196,5903738
2007-12-14,3.0272200000000002,3.06692,2.98752,3.00737,1.6612310000000001,7509652
2007-12-17,2.99745,3.04707,2.9776,3.0173,1.666716,7556333
2007-12-18,3.03715,3.06692,3.00737,3.00737,1.6612310000000001,4461619
2007-12-19,3.0173,3.03715,3.00737,3.0173,1.666716,8341057
2007-12-20,3.0272200000000002,3.07685,3.0173,3.03715,1.6776810000000002,6640823
2007-12-21,3.04707,3.12648,3.04707,3.11655,1.721541,7930568
2007-12-24,3.11655,3.11655,3.11655,3.11655,1.721541,0
2007-12-27,3.11655,3.14633,3.04707,3.06692,1.6941259999999998,7633757
2007-12-28,3.0272200000000002,3.057,2.9776,2.98752,1.650266,8482302
2008-01-02,2.9776,3.07685,2.9776,3.04707,1.6831610000000001,6446612
2008-01-03,3.0272200000000002,3.04707,2.98752,3.0173,1.666716,7367731
2008-01-04,3.0272200000000002,3.0272200000000002,2.79894,2.82872,1.562547,17828606
2008-01-07,2.79894,2.8386400000000003,2.72946,2.77909,1.535132,11178117
2008-01-08,2.7890200000000003,2.87834,2.74931,2.8386400000000003,1.568027,7509608
2008-01-09,2.80887,2.85849,2.77909,2.79894,1.5460969999999998,11900542
2008-01-10,2.82872,2.92797,2.80887,2.84857,1.573512,10514149
2008-01-11,2.8386400000000003,2.9081200000000003,2.80887,2.88827,1.5954409999999999,8451671
2008-01-14,2.87834,2.91804,2.80887,2.88827,1.5954409999999999,8402267
2008-01-15,2.87834,2.87834,2.74931,2.76916,1.529647,7462411
2008-01-16,2.76916,2.76916,2.63021,2.66991,1.474823,12500011
2008-01-17,2.6996900000000004,2.7195400000000003,2.64014,2.66991,1.474823,8369700
2008-01-18,2.65999,2.70961,2.63021,2.66991,1.474823,11209811
2008-01-21,2.64014,2.65999,2.52103,2.54088,1.403548,19896521
2008-01-22,2.54088,2.61036,2.392,2.5905099999999996,1.430963,14261877
2008-01-23,2.5905099999999996,2.65006,2.55081,2.63021,1.452893,19539265
2008-01-24,2.66991,2.74931,2.65006,2.70961,1.496752,15552281
2008-01-25,2.73939,2.75924,2.65006,2.66991,1.474823,12657739
2008-01-28,2.6202799999999997,2.66991,2.61036,2.65999,1.469343,5822464
2008-01-29,2.65999,2.8386400000000003,2.65999,2.82872,1.562547,12509183
2008-01-30,2.80887,2.80887,2.73939,2.75924,1.524167,6534611
2008-01-31,2.75924,2.75924,2.64014,2.6996900000000004,1.4912729999999998,9886128
2008-02-01,2.73939,2.77909,2.6996900000000004,2.73939,1.513202,10822111
2008-02-04,2.77909,2.80887,2.74931,2.7890200000000003,1.540618,5758821
2008-02-05,2.77909,2.77909,2.6202799999999997,2.6202799999999997,1.447408,11036156
2008-02-06,2.64014,2.94782,2.61036,2.82872,1.562547,25201978
2008-02-07,2.82872,2.85849,2.75924,2.76916,1.529647,8909217
2008-02-08,2.7890200000000003,2.87834,2.77909,2.84857,1.573512,11591979
2008-02-11,2.80887,2.82872,2.73939,2.74931,1.5186819999999999,6161082
2008-02-12,2.76916,2.85849,2.6897599999999997,2.85849,1.578992,9664236
2008-02-13,2.8187900000000004,2.85849,2.79894,2.8386400000000003,1.568027,6044567
2008-02-14,2.87834,2.89819,2.80887,2.80887,1.551582,8035233
2008-02-15,2.80887,2.82872,2.72946,2.74931,1.5186819999999999,7116603
2008-02-18,2.77909,2.8386400000000003,2.76916,2.8187900000000004,1.5570620000000002,2625154
2008-02-19,2.8187900000000004,2.87834,2.7890200000000003,2.84857,1.573512,5111492
2008-02-20,2.84857,2.87834,2.80887,2.84857,1.573512,4951210
2008-02-21,2.86842,2.92797,2.82872,2.89819,1.6009209999999998,7574814
2008-02-22,2.88827,2.9081200000000003,2.85849,2.89819,1.6009209999999998,4087035
2008-02-25,2.92797,2.92797,2.87834,2.91804,1.611887,7933603
2008-02-26,2.91804,3.0173,2.9081200000000003,3.0173,1.666716,7886371
2008-02-27,3.00737,3.0173,2.9379,3.00737,1.6612310000000001,8471954
2008-02-28,3.00737,3.057,2.9776,3.0272200000000002,1.672196,6901049
2008-02-29,3.0272200000000002,3.04707,2.9379,2.96767,1.639301,7369465
2008-03-03,2.92797,2.9379,2.84857,2.84857,1.573512,8875362
2008-03-04,2.87834,2.88827,2.80887,2.82872,1.562547,6877194
2008-03-05,2.84857,3.04707,2.8386400000000003,3.03715,1.6776810000000002,11008955
2008-03-06,3.03715,3.03715,2.87834,2.9081200000000003,1.606407,12652329
2008-03-07,2.88827,2.9081200000000003,2.7890200000000003,2.8386400000000003,1.568027,15012109
2008-03-10,2.8187900000000004,2.96767,2.80887,2.91804,1.611887,13066880
2008-03-11,2.92797,3.0173,2.91804,2.98752,1.650266,8863998
2008-03-12,3.0173,3.03715,2.9776,3.0173,1.666716,8172865
2008-03-13,2.98752,3.0272200000000002,2.89819,3.00737,1.6612310000000001,12372665
2008-03-14,2.99745,3.07685,2.95775,2.99745,1.6557509999999998,10827995
2008-03-17,2.94782,3.03715,2.91804,2.96767,1.639301,11004160
2008-03-18,2.98752,3.03715,2.96767,3.03715,1.6776810000000002,7319475
2008-03-19,3.06692,3.0967,2.95775,3.07685,1.699611,13591388
2008-03-20,3.03715,3.12648,3.0272200000000002,3.10663,1.716061,9405000
2008-03-25,3.10663,3.20588,3.10663,3.14633,1.7379900000000001,8872445
2008-03-26,3.14633,3.1661799999999998,3.08677,3.14633,1.7379900000000001,6410961
2008-03-27,3.14633,3.20588,3.12648,3.19595,1.7654,7829390
2008-03-28,3.18603,3.2158,3.1364,3.15625,1.74347,7749197
2008-03-31,3.14633,3.18603,3.12648,3.15625,1.74347,5785861
2008-04-01,3.15625,3.24558,3.1364,3.24558,1.792815,11435171
2008-04-02,3.24558,3.26543,3.19595,3.24558,1.792815,8246130
2008-04-03,3.23565,3.24558,3.14633,3.1661799999999998,1.748955,10468081
2008-04-04,3.19595,3.24558,3.1661799999999998,3.24558,1.792815,13509273
2008-04-07,3.24558,3.27536,3.20588,3.22573,1.78185,7829680
2008-04-08,3.23565,3.24558,3.20588,3.23565,1.7873299999999999,5251922
2008-04-09,3.22573,3.23565,3.1661799999999998,3.1761,1.7544349999999997,3614029
2008-04-10,3.1761,3.19595,3.08677,3.12648,1.727026,8439607
2008-04-11,3.1661799999999998,3.18603,3.10663,3.15625,1.74347,4488147
2008-04-14,3.1364,3.1761,3.0967,3.10663,1.716061,4752221
2008-04-15,3.12648,3.14633,3.08677,3.11655,1.721541,5402790
2008-04-16,3.11655,3.1761,3.11655,3.1661799999999998,1.748955,4397810
2008-04-17,3.18603,3.19595,3.14633,3.15625,1.74347,5051240
2008-04-18,3.1761,3.20588,3.14633,3.20588,1.7708849999999998,5819269
2008-04-21,3.19595,3.27536,3.18603,3.27536,1.8092650000000001,9576975
2008-04-22,3.26543,3.28528,3.24558,3.26543,1.80378,7781253
2008-04-23,3.26543,3.28528,3.24558,3.27536,1.8092650000000001,9007220
2008-04-24,3.27536,3.27536,3.19595,3.2555099999999997,1.7983,10227563
2008-04-25,3.27536,3.30513,3.24558,3.26543,1.80378,8703845
2008-04-28,3.27536,3.30513,3.24558,3.2555099999999997,1.7983,11966076
2008-04-29,3.24558,3.26543,3.20588,3.22573,1.78185,6674112
2008-04-30,3.22573,3.2555099999999997,3.2158,3.24558,1.792815,7900423
2008-05-02,3.24558,3.30513,3.24558,3.26543,1.80378,6738366
2008-05-05,3.27536,3.3249800000000005,3.26543,3.3249800000000005,1.8366740000000001,4637529
2008-05-06,3.33491,3.3746099999999997,3.31506,3.3746099999999997,1.8640900000000002,8860629
2008-05-07,3.3746099999999997,3.39446,3.33491,3.3547599999999997,1.853125,6762088
2008-05-08,3.3448300000000004,3.39446,3.33491,3.3845300000000003,1.8695689999999998,10264110
2008-05-09,3.3646800000000003,3.57312,3.3646800000000003,3.51356,1.940843,19193447
2008-05-12,3.4738599999999997,3.5234900000000002,3.44409,3.46394,1.913434,6140151
2008-05-13,3.4937099999999996,3.54334,3.48379,3.5234900000000002,1.9463279999999998,11005293
2008-05-14,3.53341,3.53341,3.44409,3.51356,1.940843,9223728
2008-05-15,3.5036400000000003,3.54334,3.45401,3.46394,1.913434,7319447
2008-05-16,3.4738599999999997,3.5234900000000002,3.3547599999999997,3.3746099999999997,1.8640900000000002,20253741
2008-05-19,3.39446,3.48379,3.3746099999999997,3.48379,1.9243990000000002,6639245
2008-05-20,3.46394,3.51356,3.43416,3.4937099999999996,1.9298790000000001,10880585
2008-05-21,3.4937099999999996,3.5036400000000003,3.3746099999999997,3.3746099999999997,1.8640900000000002,7399672
2008-05-22,3.3547599999999997,3.41431,3.30513,3.3746099999999997,1.8640900000000002,9832582
2008-05-23,3.3845300000000003,3.4043900000000002,3.31506,3.33491,1.8421599999999998,7037645
2008-05-26,3.31506,3.3448300000000004,3.28528,3.31506,1.8311950000000001,3533957
2008-05-27,3.33491,3.3746099999999997,3.3249800000000005,3.33491,1.8421599999999998,10705728
2008-05-28,3.3646800000000003,3.45401,3.33491,3.4043900000000002,1.88054,15667355
2008-05-29,3.42424,3.4937099999999996,3.41431,3.45401,1.9079490000000001,9939816
2008-05-30,3.46394,3.48379,3.45401,3.45401,1.9079490000000001,13037171
2008-06-02,3.45401,3.46394,3.3845300000000003,3.39446,1.875054,8223454
2008-06-03,3.3547599999999997,3.53341,3.3448300000000004,3.5036400000000003,1.9353639999999999,21192060
2008-06-04,3.45401,3.45401,3.3547599999999997,3.3746099999999997,1.902092,13351442
2008-06-05,3.39446,3.44409,3.3646800000000003,3.39446,1.9132799999999999,13663804
2008-06-06,3.42424,3.44409,3.3249800000000005,3.3249800000000005,1.874118,9416533
2008-06-09,3.30513,3.30513,3.15625,3.19595,1.801391,13133023
2008-06-10,3.15625,3.18603,3.03715,3.06692,1.728663,19770686
2008-06-11,3.08677,3.11655,3.0272200000000002,3.03715,1.7118830000000003,11572146
2008-06-12,3.057,3.19595,3.04707,3.19595,1.801391,12133040
2008-06-13,3.19595,3.19595,3.10663,3.1761,1.790202,8112420
2008-06-16,3.1661799999999998,3.22573,3.1661799999999998,3.18603,1.7957990000000001,5932101
2008-06-17,3.2158,3.24558,3.18603,3.2158,1.8125790000000002,3768267
2008-06-18,3.20588,3.2158,3.1364,3.1661799999999998,1.784611,4203208
2008-06-19,3.15625,3.19595,3.1364,3.15625,1.7790139999999999,6717221
2008-06-20,3.18603,3.33491,3.1661799999999998,3.18603,1.7957990000000001,13406273
2008-06-23,3.18603,3.24558,3.07685,3.0967,1.7454490000000003,6589822
2008-06-24,3.10663,3.1761,3.057,3.15625,1.7790139999999999,7562093
2008-06-25,3.1364,3.19595,3.12648,3.1661799999999998,1.784611,6558897
2008-06-26,3.14633,3.14633,3.057,3.07685,1.73426,5468898
2008-06-27,3.04707,3.07685,2.9776,3.06692,1.728663,8317259
2008-06-30,3.06692,3.06692,2.95775,3.0173,1.700695,13382733
2008-07-01,3.0272200000000002,3.057,2.89819,3.00737,1.695098,7645714
2008-07-02,3.0173,3.11655,2.95775,3.10663,1.7510459999999999,11153468
2008-07-03,3.06692,3.19595,3.03715,3.15625,1.7790139999999999,15005383
2008-07-04,3.15625,3.19595,2.98752,2.98752,1.6839099999999998,7579332
2008-07-07,3.00737,3.1364,3.00737,3.0967,1.7454490000000003,13712629
2008-07-08,3.03715,3.07685,3.00737,3.0173,1.700695,8501881
2008-07-09,3.057,3.10663,3.0272200000000002,3.0967,1.7454490000000003,8374586
2008-07-10,3.04707,3.1661799999999998,3.03715,3.07685,1.73426,4816588
2008-07-11,3.10663,3.12648,2.95775,2.96767,1.672721,8383227
2008-07-14,2.99745,3.04707,2.9776,2.98752,1.6839099999999998,5890273
2008-07-15,2.9776,2.9776,2.8386400000000003,2.91804,1.6447470000000002,8053889
2008-07-16,2.92797,2.99745,2.86842,2.9776,1.678318,9015572
2008-07-17,3.04707,3.11655,3.03715,3.07685,1.73426,9784463
2008-07-18,3.07685,3.29521,3.00737,3.26543,1.8405529999999999,16224028
2008-07-21,3.20588,3.3646800000000003,3.1661799999999998,3.26543,1.8405529999999999,12168711
2008-07-22,3.24558,3.3249800000000005,3.1661799999999998,3.27536,1.84615,9079779
2008-07-23,3.31506,3.3746099999999997,3.2555099999999997,3.27536,1.84615,13930336
2008-07-24,3.3249800000000005,3.3249800000000005,3.23565,3.2555099999999997,1.834961,9729047
2008-07-25,3.23565,3.24558,3.06692,3.11655,1.756637,10533226
2008-07-28,3.11655,3.14633,3.03715,3.06692,1.728663,9795071
2008-07-29,3.0272200000000002,3.19595,3.0173,3.18603,1.7957990000000001,14168707
2008-07-30,3.18603,3.23565,3.1364,3.18603,1.7957990000000001,6215641
2008-07-31,3.1761,3.2158,3.0967,3.18603,1.7957990000000001,11303157
2008-08-01,3.14633,3.19595,3.07685,3.07685,1.73426,7276231
2008-08-04,3.08677,3.1761,3.057,3.11655,1.756637,9188053
2008-08-05,3.14633,3.20588,3.08677,3.18603,1.7957990000000001,6904791
2008-08-06,3.20588,3.22573,3.1364,3.20588,1.806988,10098531
2008-08-07,3.2158,3.31506,3.19595,3.26543,1.8405529999999999,10726454
2008-08-08,3.24558,3.28528,3.20588,3.27536,1.84615,6989055
2008-08-11,3.28528,3.3249800000000005,3.2555099999999997,3.3249800000000005,1.874118,5448941
2008-08-12,3.3249800000000005,3.3547599999999997,3.27536,3.33491,1.8797150000000002,7422595
2008-08-13,3.33491,3.33491,3.18603,3.20588,1.806988,6557507
2008-08-14,3.24558,3.26543,3.15625,3.23565,1.823768,7468790
2008-08-15,3.22573,3.31506,3.22573,3.30513,1.862929,8016987
2008-08-18,3.30513,3.31506,3.2555099999999997,3.30513,1.862929,3449499
2008-08-19,3.2555099999999997,3.27536,3.08677,3.0967,1.7454490000000003,7717330
2008-08-20,3.11655,3.1364,3.0173,3.06692,1.728663,10353388
2008-08-21,3.10663,3.11655,3.0272200000000002,3.08677,1.7398509999999998,6740426
2008-08-22,3.08677,3.24558,3.08677,3.22573,1.8181759999999998,6181853
2008-08-25,3.22573,3.30513,3.1761,3.22573,1.8181759999999998,10148020
2008-08-26,3.1761,3.27536,3.1761,3.2158,1.8125790000000002,7792690
2008-08-27,3.19595,3.20588,3.11655,3.14633,1.773422,9848487
2008-08-28,3.14633,3.22573,3.12648,3.20588,1.806988,5962286
2008-08-29,3.22573,3.30513,3.2158,3.24558,1.829364,9802375
2008-09-01,3.22573,3.23565,3.19595,3.20588,1.806988,3626735
2008-09-02,3.2158,3.27536,3.1761,3.26543,1.8405529999999999,5239077
2008-09-03,3.23565,3.29521,3.2158,3.2158,1.8125790000000002,8387385
2008-09-04,3.22573,3.26543,3.1364,3.14633,1.773422,7045597
2008-09-05,3.1364,3.1364,3.0173,3.06692,1.728663,9915932
2008-09-08,3.12648,3.23565,3.12648,3.20588,1.806988,7040851
2008-09-09,3.18603,3.26543,3.14633,3.19595,1.801391,11488859
2008-09-10,3.1761,3.1761,3.03715,3.04707,1.717475,15706211
2008-09-11,3.057,3.08677,2.92797,2.9776,1.678318,15539682
2008-09-12,3.03715,3.04707,2.9776,3.03715,1.7118830000000003,12945304
2008-09-15,2.9081200000000003,2.95775,2.8187900000000004,2.8386400000000003,1.5999940000000001,13186329
2008-09-16,2.79894,2.94782,2.77909,2.86842,1.6167790000000002,21065096
2008-09-17,2.91804,2.95775,2.86842,2.88827,1.627967,18004464
2008-09-18,2.87834,2.95775,2.8386400000000003,2.86842,1.6167790000000002,21794906
2008-09-19,2.92797,3.1364,2.92797,3.1364,1.767825,29511904
2008-09-22,3.1364,3.1364,3.00737,3.0173,1.700695,9691061
2008-09-23,3.0272200000000002,3.03715,2.96767,3.00737,1.695098,13296005
2008-09-24,3.06692,3.0967,3.00737,3.0967,1.7454490000000003,7211249
2008-09-25,3.06692,3.0967,3.0173,3.0967,1.7454490000000003,13235565
2008-09-26,3.03715,3.12648,3.00737,3.10663,1.7510459999999999,9333160
2008-09-29,3.07685,3.07685,2.92797,2.92797,1.6503439999999998,6090779
2008-09-30,2.87834,3.04707,2.82872,3.04707,1.717475,8727466
2008-10-01,3.04707,3.12648,3.0272200000000002,3.12648,1.762234,9219404
2008-10-02,3.1364,3.1661799999999998,3.03715,3.07685,1.73426,8621051
2008-10-03,3.04707,3.15625,3.0272200000000002,3.12648,1.762234,6134123
2008-10-06,3.04707,3.04707,2.89819,2.89819,1.633559,5896802
2008-10-07,2.99745,3.0173,2.89819,2.91804,1.6447470000000002,9457434
2008-10-08,2.82872,3.0173,2.6897599999999997,2.6996900000000004,1.521675,15932423
2008-10-09,2.7890200000000003,2.7890200000000003,2.55081,2.56073,1.44335,20832358
2008-10-10,2.28282,2.48133,2.28282,2.34238,1.320278,17688927
2008-10-13,2.34238,2.6202799999999997,2.34238,2.55081,1.437758,11130980
2008-10-14,2.60043,2.77909,2.60043,2.75924,1.55524,9978790
2008-10-15,2.74931,2.74931,2.65006,2.70961,1.527266,7114353
2008-10-16,2.63021,2.8187900000000004,2.54088,2.8187900000000004,1.588805,9499040
2008-10-17,2.87834,2.87834,2.64014,2.6897599999999997,1.516078,13006255
2008-10-20,2.75924,2.75924,2.55081,2.5905099999999996,1.460136,7470099
2008-10-21,2.64014,2.64014,2.36223,2.3820799999999998,1.342654,20351124
2008-10-22,2.392,2.392,2.20342,2.21335,1.24755,14612896
2008-10-23,2.2729,2.36223,2.20342,2.30267,1.297895,11891801
2008-10-24,2.25305,2.26297,2.08432,2.2431200000000002,1.26433,8912501
2008-10-27,2.08432,2.11409,1.9552900000000002,2.10417,1.1860110000000001,10943930
2008-10-28,2.1935,2.2332,2.13394,2.2332,1.258738,12102682
2008-10-29,2.3820799999999998,2.48133,2.29275,2.48133,1.3985969999999999,8848671
2008-10-30,2.52103,2.66991,2.40193,2.5011799999999997,1.409785,13550552
2008-10-31,2.52103,2.54088,2.37215,2.46148,1.387408,9548448
2008-11-03,2.49126,2.49126,2.36223,2.4714,1.3929989999999999,8663991
2008-11-04,2.46148,2.58058,2.42178,2.58058,1.4545379999999999,9605899
2008-11-05,2.58058,2.58058,2.45155,2.5011799999999997,1.409785,9528602
2008-11-06,2.42178,2.51111,2.30267,2.32253,1.309089,10805545
2008-11-07,2.34238,2.4317,2.33245,2.392,1.3482459999999998,8201289
2008-11-10,2.44163,2.48133,2.3820799999999998,2.42178,1.3650309999999999,5540267
2008-11-11,2.3820799999999998,2.392,2.26297,2.28282,1.286707,7400035
2008-11-12,2.34238,2.4714,2.32253,2.4714,1.3929989999999999,5588230
2008-11-13,2.45155,2.49126,2.33245,2.44163,1.37622,7025087
2008-11-14,2.53096,2.63021,2.4714,2.5905099999999996,1.460136,6545901
2008-11-17,2.58058,2.58058,2.40193,2.42178,1.3650309999999999,13400705
2008-11-18,2.42178,2.5011799999999997,2.3820799999999998,2.46148,1.387408,5281201
2008-11-19,2.46148,2.52103,2.3820799999999998,2.392,1.3482459999999998,5290911
2008-11-20,2.33245,2.3820799999999998,2.2431200000000002,2.26297,1.275518,6841038
2008-11-21,2.2729,2.3820799999999998,2.25305,2.32253,1.309089,6196768
2008-11-24,2.37215,2.5011799999999997,2.34238,2.49126,1.404194,4697997
2008-11-25,2.4714,2.55081,2.392,2.48133,1.3985969999999999,4711544
2008-11-26,2.4714,2.56073,2.44163,2.46148,1.387408,3266831
2008-11-27,2.48133,2.53096,2.4714,2.5011799999999997,1.409785,2190155
2008-11-28,2.49126,2.5011799999999997,2.3523,2.45155,1.3818110000000001,10700248
2008-12-01,2.40193,2.41185,2.21335,2.2431200000000002,1.301492,5386958
2008-12-02,2.22327,2.392,2.1537900000000003,2.392,1.387874,6039831
2008-12-03,2.34238,2.3820799999999998,2.2729,2.33245,1.353323,4606323
2008-12-04,2.32253,2.42178,2.29275,2.3126,1.341805,6777779
2008-12-05,2.28282,2.36223,2.2729,2.33245,1.353323,4404032
2008-12-08,2.3820799999999998,2.44163,2.36223,2.41185,1.399392,3576263
2008-12-09,2.40193,2.44163,2.36223,2.41185,1.399392,5383072
2008-12-10,2.392,2.4714,2.37215,2.4714,1.433943,6858969
2008-12-11,2.44163,2.51111,2.44163,2.4714,1.433943,4820627
2008-12-12,2.42178,2.4317,2.34238,2.40193,1.393636,4224864
2008-12-15,2.40193,2.52103,2.40193,2.48133,1.439705,3824385
2008-12-16,2.5011799999999997,2.6202799999999997,2.46148,2.60043,1.508809,5142686
2008-12-17,2.6202799999999997,2.63021,2.5011799999999997,2.51111,1.456984,7412871
2008-12-18,2.51111,2.58058,2.5011799999999997,2.55081,1.480018,4534279
2008-12-19,2.52103,2.58058,2.5011799999999997,2.55081,1.480018,8119205
2008-12-22,2.55081,2.55081,2.4317,2.4317,1.410909,2829419
2008-12-23,2.4317,2.4714,2.392,2.42178,1.405153,2889331
2008-12-29,2.40193,2.42178,2.32253,2.34238,1.359084,1968203
2008-12-30,2.3820799999999998,2.3820799999999998,2.33245,2.3820799999999998,1.382118,3001715
2009-01-02,2.3523,2.46148,2.3523,2.46148,1.428187,2415718
2009-01-05,2.46148,2.48133,2.41185,2.46148,1.428187,3910156
2009-01-06,2.48133,2.63021,2.4714,2.63021,1.526087,3852196
2009-01-07,2.61036,2.61036,2.54088,2.60043,1.508809,3356228
2009-01-08,2.53096,2.61036,2.51111,2.58058,1.497291,4533606
2009-01-09,2.61036,2.61036,2.52103,2.52103,1.462739,2657056
2009-01-12,2.5011799999999997,2.56073,2.49126,2.53096,1.468501,3771093
2009-01-13,2.5011799999999997,2.5011799999999997,2.4317,2.4714,1.433943,3942132
2009-01-14,2.5011799999999997,2.51111,2.40193,2.4317,1.410909,6439321
2009-01-15,2.40193,2.46148,2.3820799999999998,2.45155,1.422426,2681538
2009-01-16,2.46148,2.5011799999999997,2.4317,2.4317,1.410909,4384251
2009-01-19,2.42178,2.46148,2.1537900000000003,2.18357,1.26694,15099844
2009-01-20,2.1935,2.1935,2.06447,2.13394,1.2381440000000001,11112860
2009-01-21,2.1240200000000002,2.18357,1.99499,2.18357,1.26694,14069137
2009-01-22,2.21335,2.22327,2.07439,2.09424,1.215109,11206358
2009-01-23,2.08432,2.11409,1.99499,2.0545400000000003,1.192075,6391746
2009-01-26,2.02477,2.18357,1.99499,2.1537900000000003,1.2496610000000001,9410780
2009-01-27,2.16372,2.16372,2.06447,2.09424,1.215109,4890917
2009-01-28,2.1240200000000002,2.2431200000000002,2.10417,2.2431200000000002,1.301492,8553385
2009-01-29,2.25305,2.32253,2.17365,2.20342,1.278458,9702836
2009-01-30,2.22327,2.25305,2.13394,2.1935,1.272702,6709873
2009-02-02,2.13394,2.21335,2.0346900000000003,2.21335,1.284219,11088316
2009-02-03,2.22327,2.2332,2.10417,2.1240200000000002,1.2323879999999998,12155415
2009-02-04,2.14387,2.30267,2.13394,2.2729,1.318771,11300884
2009-02-05,2.22327,2.29275,2.20342,2.2729,1.318771,6429676
2009-02-06,2.30267,2.30267,2.22327,2.22327,1.289974,4786668
2009-02-09,2.22327,2.2332,2.1935,2.22327,1.289974,6612000
2009-02-10,2.22327,2.2729,2.20342,2.25305,1.307253,4907539
2009-02-11,2.21335,2.29275,2.20342,2.28282,1.324526,5037865
2009-02-12,2.28282,2.30267,2.2431200000000002,2.2729,1.318771,6549942
2009-02-13,2.28282,2.29275,2.13394,2.13394,1.2381440000000001,12270616
2009-02-16,2.13394,2.14387,2.06447,2.08432,1.2093530000000001,4246454
2009-02-17,2.08432,2.08432,2.01484,2.0545400000000003,1.192075,6916927
2009-02-18,2.06447,2.08432,1.99499,2.0049099999999997,1.1632790000000002,8351763
2009-02-19,2.02477,2.04462,1.9850599999999998,1.9850599999999998,1.1517620000000002,19084421
2009-02-20,1.96521,1.96521,1.84611,1.84611,1.071141,11684811
2009-02-23,1.8858099999999998,1.90566,1.7667099999999998,1.78656,1.036589,10349489
2009-02-24,1.7468599999999999,1.78656,1.6773799999999999,1.69723,0.984758,12218497
2009-02-25,1.7369299999999999,1.75678,1.63768,1.66745,0.9674790000000001,10392913
2009-02-26,1.6773799999999999,1.7071599999999998,1.6773799999999999,1.6873,0.9789969999999999,9265553
2009-02-27,1.6873,1.6873,1.58805,1.6079,0.9329280000000001,7218469
2009-03-02,1.5582799999999999,1.59798,1.51857,1.57813,0.9156549999999999,7896024
2009-03-03,1.57813,1.6079,1.5285,1.54835,0.8983760000000001,6384276
2009-03-04,1.5682,1.6178299999999999,1.54835,1.57813,0.9156549999999999,5417486
2009-03-05,1.5682,1.5682,1.36969,1.37962,0.8004760000000001,12374149
2009-03-06,1.38954,1.45902,1.3597700000000001,1.4094,0.817755,9497164
2009-03-09,1.46895,1.49872,1.37962,1.4094,0.817755,12256148
2009-03-10,1.42925,1.6079,1.4094,1.5582799999999999,0.9041370000000001,19448681
2009-03-11,1.5682,1.59798,1.51857,1.5285,0.8868590000000001,11137161
2009-03-12,1.51857,1.5285,1.4788700000000001,1.51857,0.8810969999999999,6614538
2009-03-13,1.57813,1.59798,1.54835,1.58805,0.9214100000000001,5948713
2009-03-16,1.6178299999999999,1.65753,1.6079,1.62775,0.9444450000000001,6787464
2009-03-17,1.63768,1.63768,1.54835,1.5682,0.9098930000000001,5089086
2009-03-18,1.58805,1.65753,1.57813,1.65753,0.961724,6087050
2009-03-19,1.66745,1.7468599999999999,1.65753,1.6873,0.9789969999999999,4790136
2009-03-20,1.66745,1.71708,1.63768,1.66745,0.9674790000000001,8423266
2009-03-23,1.66745,1.75678,1.66745,1.7071599999999998,0.9905200000000001,6505985
2009-03-24,1.7468599999999999,1.75678,1.6476,1.65753,0.961724,8337202
2009-03-25,1.63768,1.6873,1.6178299999999999,1.63768,0.950207,8333012
2009-03-26,1.65753,1.6773799999999999,1.62775,1.6476,0.9559620000000001,6465201
2009-03-27,1.66745,1.71708,1.6476,1.6873,0.9789969999999999,8433429
2009-03-30,1.66745,1.66745,1.58805,1.58805,0.9214100000000001,6747543
2009-03-31,1.59798,1.63768,1.54835,1.63768,0.950207,7978131
2009-04-01,1.65753,1.71708,1.6178299999999999,1.69723,0.984758,7458780
2009-04-02,1.6178299999999999,1.75678,1.6178299999999999,1.7369299999999999,1.0576459999999999,16519262
2009-04-03,1.71708,1.8262599999999998,1.6773799999999999,1.69723,1.033472,11701889
2009-04-06,1.7468599999999999,1.78656,1.7071599999999998,1.7071599999999998,1.039518,7254207
2009-04-07,1.72701,1.77663,1.69723,1.7468599999999999,1.063692,7130658
2009-04-08,1.71708,1.77663,1.6873,1.75678,1.069733,5704648
2009-04-09,1.78656,1.90566,1.7667099999999998,1.8659599999999998,1.1362139999999998,6286473
2009-04-14,1.8957400000000002,2.16372,1.87589,2.13394,1.299391,20717829
2009-04-15,2.08432,2.1240200000000002,2.04462,2.06447,1.25709,11627866
2009-04-16,2.08432,2.1240200000000002,2.04462,2.09424,1.275218,8152140
2009-04-17,2.09424,2.09424,2.06447,2.07439,1.263131,10281611
2009-04-20,2.07439,2.09424,1.99499,2.01484,1.2268700000000001,9601359
2009-04-21,2.0049099999999997,2.08432,1.9850599999999998,2.06447,1.25709,7210021
2009-04-22,2.0545400000000003,2.1240200000000002,2.0346900000000003,2.1240200000000002,1.293351,7305685
2009-04-23,2.1240200000000002,2.16372,2.08432,2.16372,1.317525,5562967
2009-04-24,2.1537900000000003,2.16372,2.09424,2.11409,1.287304,6476935
2009-04-27,2.07439,2.10417,2.04462,2.06447,1.25709,6286858
2009-04-28,2.06447,2.07439,1.99499,2.01484,1.2268700000000001,6979523
2009-04-29,2.01484,2.09424,2.01484,2.08432,1.269177,4892426
2009-04-30,2.08432,2.20342,2.07439,2.1537900000000003,1.311479,8378171
2009-05-04,2.2332,2.2332,2.18357,2.2332,1.359833,5602820
2009-05-05,2.20342,2.22327,2.16372,2.16372,1.317525,7814638
2009-05-06,2.17365,2.26297,2.16372,2.26297,1.37796,6620570
2009-05-07,2.2729,2.36223,2.25305,2.2729,1.384007,8368267
2009-05-08,2.30267,2.37215,2.2729,2.36223,1.438401,10090112
2009-05-11,2.3820799999999998,2.44163,2.3126,2.36223,1.438401,7506046
2009-05-12,2.3820799999999998,2.4714,2.33245,2.3820799999999998,1.450488,7466330
2009-05-13,2.44163,2.44163,2.17365,2.2431200000000002,1.365873,10178220
2009-05-14,2.2431200000000002,2.29275,2.18357,2.29275,1.396094,5204951
2009-05-15,2.30267,2.32253,2.25305,2.28282,1.390047,4466804
2009-05-18,2.28282,2.3523,2.2332,2.3523,1.4323540000000001,4359766
2009-05-19,2.3820799999999998,2.392,2.32253,2.37215,1.444442,4807934
2009-05-20,2.3820799999999998,2.3820799999999998,2.30267,2.34238,1.4263139999999999,6281942
2009-05-21,2.33245,2.33245,2.25305,2.28282,1.390047,4393314
2009-05-22,2.2729,2.34238,2.2729,2.33245,1.420268,2116420
2009-05-25,2.3523,2.3523,2.32253,2.32253,1.414228,1037102
2009-05-26,2.32253,2.34238,2.25305,2.33245,1.420268,6648758
2009-05-27,2.36223,2.40193,2.32253,2.34238,1.4263139999999999,8256121
2009-05-28,2.3126,2.3523,2.30267,2.33245,1.420268,3292008
2009-05-29,2.3523,2.44163,2.34238,2.44163,1.4867489999999999,6780613
2009-06-01,2.42178,2.51111,2.42178,2.48133,1.510923,5580441
2009-06-02,2.48133,2.51111,2.45155,2.5011799999999997,1.5230110000000001,4445339
2009-06-03,2.51111,2.51111,2.42178,2.45155,1.49279,4404549
2009-06-04,2.45155,2.48133,2.44163,2.45155,1.49279,2385966
2009-06-05,2.45155,2.48133,2.3820799999999998,2.40193,1.462575,6618191
2009-06-08,2.392,2.40193,2.30267,2.3820799999999998,1.450488,6462325
2009-06-09,2.37215,2.40193,2.32253,2.32253,1.414228,6190995
2009-06-10,2.3572599999999997,2.40689,2.3523,2.40689,1.465595,7370659
2009-06-11,2.39697,2.44659,2.3671900000000003,2.44659,1.4897690000000001,3958071
2009-06-12,2.4317,2.49126,2.40689,2.4714,1.504877,8789243
2009-06-15,2.4565200000000003,2.4565200000000003,2.3870400000000003,2.3870400000000003,1.453508,4980995
2009-06-16,2.3870400000000003,2.41682,2.3671900000000003,2.3671900000000003,1.4414209999999998,2367950
2009-06-17,2.3820799999999998,2.392,2.28779,2.32253,1.414228,6806621
2009-06-18,2.30764,2.34238,2.18357,2.28282,1.390047,9070726
2009-06-19,2.2729,2.3126,2.25305,2.30267,1.402134,7422028
2009-06-22,2.30267,2.30267,2.21335,2.2431200000000002,1.365873,7425006
2009-06-23,2.20342,2.26198,2.20342,2.22129,1.352581,4781146
2009-06-24,2.22923,2.2907599999999997,2.19449,2.26694,1.380378,5946660
2009-06-25,2.26297,2.27488,2.21831,2.26992,1.382192,4536011
2009-06-26,2.2709099999999998,2.29275,2.2709099999999998,2.29275,1.396094,2967922
2009-06-29,2.2679400000000003,2.33146,2.2679400000000003,2.3155799999999997,1.409995,3807561
2009-06-30,2.31756,2.32947,2.27389,2.30267,1.402134,3298513
2009-07-01,2.2997,2.32153,2.27488,2.27687,1.3864239999999999,5624924
2009-07-02,2.2729,2.3016799999999997,2.2461,2.2461,1.367688,4970480
2009-07-03,2.25801,2.27588,2.20342,2.21732,1.350163,3975232
2009-07-06,2.20342,2.21732,2.1349400000000003,2.18953,1.333241,4959759
2009-07-07,2.1935,2.20342,2.1537900000000003,2.1537900000000003,1.311479,6511872
2009-07-08,2.14387,2.1537900000000003,2.0853099999999998,2.08829,1.2715940000000001,5287880
2009-07-09,2.0863,2.14585,2.0863,2.1051599999999997,1.281867,5221565
2009-07-10,2.10814,2.13295,2.0605,2.1002,1.2788469999999998,6196817
2009-07-13,2.04759,2.22823,2.04759,2.21335,1.3477459999999999,5446671
2009-07-14,2.21335,2.25603,2.13394,2.17365,1.323572,9017817
2009-07-15,2.17365,2.2332,2.17365,2.22327,1.3537860000000002,10075665
2009-07-16,2.1935,2.36917,2.19151,2.35925,1.436587,7401234
2009-07-17,2.34932,2.3791,2.31756,2.3671900000000003,1.4414209999999998,6105788
2009-07-20,2.3671900000000003,2.40193,2.36223,2.3820799999999998,1.450488,2947564
2009-07-21,2.3910099999999996,2.48133,2.3711599999999997,2.4376599999999997,1.484332,6655464
2009-07-22,2.4317,2.4317,2.3532900000000003,2.4188,1.472848,3796539
2009-07-23,2.45552,2.54584,2.40193,2.53195,1.541747,7298792
2009-07-24,2.53096,2.78207,2.52103,2.61433,1.591909,12380164
2009-07-27,2.68778,2.68778,2.56173,2.61036,1.589492,4928571
2009-07-28,2.6192900000000003,2.62525,2.55081,2.5537900000000002,1.555045,3268876
2009-07-29,2.56073,2.58058,2.51905,2.58058,1.571358,3049982
2009-07-30,2.61036,2.62525,2.5518,2.60043,1.583445,4774941
2009-07-31,2.60043,2.63815,2.58257,2.60043,1.583445,4923292
2009-08-03,2.60043,2.68877,2.60043,2.66793,1.624547,5351023
2009-08-04,2.67686,2.70961,2.6232599999999997,2.70664,1.648118,4118850
2009-08-05,2.72946,2.77909,2.69075,2.75924,1.680147,5879076
2009-08-06,2.77909,2.86842,2.77115,2.79696,1.703116,6868961
2009-08-07,2.7860400000000003,2.79894,2.73046,2.77313,1.688605,4137337
2009-08-10,2.7701599999999997,2.8386400000000003,2.75428,2.8386400000000003,1.7284950000000001,2607967
2009-08-11,2.84658,2.8555099999999998,2.74336,2.75428,1.677127,3588022
2009-08-12,2.73939,2.80589,2.6996900000000004,2.79199,1.700089,2587367
2009-08-13,2.79199,2.85849,2.79199,2.84063,1.7297069999999999,4087800
2009-08-14,2.8336799999999998,2.86346,2.76023,2.78405,1.695255,2220152
2009-08-17,2.77909,2.78107,2.64609,2.6977,1.642675,2755597
2009-08-18,2.69075,2.7890200000000003,2.69075,2.7890200000000003,1.6982810000000002,2004075
2009-08-19,2.7761099999999996,2.77909,2.71061,2.7781,1.691631,1754094
2009-08-20,2.77909,2.81681,2.73641,2.77413,1.689214,2439779
2009-08-21,2.78405,2.8336799999999998,2.74137,2.82872,1.7224549999999998,3952686
2009-08-24,2.82872,2.86842,2.7900099999999997,2.86544,1.7448139999999999,4247821
2009-08-25,2.85849,2.85849,2.7900099999999997,2.8227599999999997,1.7188259999999997,4413287
2009-08-26,2.8187900000000004,2.87735,2.8039,2.87735,1.752066,4446138
2009-08-27,2.84857,2.87735,2.81383,2.8197799999999997,1.717011,2327985
2009-08-28,2.85849,2.86544,2.82872,2.84063,1.7297069999999999,1880516
2009-08-31,2.83169,2.87338,2.82872,2.84857,1.7345419999999998,2800091
2009-09-01,2.87239,2.93095,2.82078,2.86743,1.7460259999999999,4880808
2009-09-02,2.84658,2.84757,2.7116,2.7513,1.675313,4372701
2009-09-03,2.77909,2.82078,2.74038,2.7890200000000003,1.6982810000000002,3775964
2009-09-04,2.79199,2.8565099999999997,2.79199,2.84063,1.7297069999999999,2893239
2009-09-07,2.8416200000000003,2.88827,2.8416200000000003,2.8852900000000004,1.7569009999999998,2432296
2009-09-08,2.89819,2.94484,2.88331,2.9369,1.788327,4849189
2009-09-09,2.9369,2.9776,2.9190400000000003,2.9776,1.8131099999999998,4273441
2009-09-10,2.9776,2.9776,2.88728,2.9369,1.788327,5339285
2009-09-11,2.9379,2.99645,2.9379,2.9607200000000002,1.802832,2752054
2009-09-14,2.94782,2.94782,2.85849,2.92896,1.783493,3376118
2009-09-15,2.94782,2.9746200000000003,2.89819,2.9508,1.796791,2686097
2009-09-16,2.9666799999999998,2.96767,2.92896,2.92896,1.783493,3312089
2009-09-17,2.9527799999999997,2.9776,2.93293,2.9776,1.8131099999999998,3413644
2009-09-18,2.96767,3.06295,2.9388900000000002,3.05799,1.862061,4957744
2009-09-21,3.05799,3.05799,2.92896,2.95874,1.801626,3817363
2009-09-22,2.96271,2.98454,2.92797,2.94187,1.7913540000000001,3915138
2009-09-23,2.92797,2.99645,2.92797,2.97363,1.810693,4478791
2009-09-24,2.95775,2.98752,2.90415,2.92797,1.78289,3686815
2009-09-25,2.95675,2.96469,2.91209,2.9190400000000003,1.777452,2883681
2009-09-28,2.91804,2.99447,2.8942200000000002,2.9746200000000003,1.811296,3854116
2009-09-29,2.9905,3.03417,2.97859,2.99745,1.8251979999999999,4444903
2009-09-30,3.01631,3.04707,2.98256,3.03417,1.847557,3737787
2009-10-01,3.04707,3.05898,3.01432,3.0272200000000002,1.843325,4654640
2009-10-02,3.0272200000000002,3.0272200000000002,2.93988,2.9756099999999996,1.8118990000000001,5546385
2009-10-05,2.94385,3.04707,2.94385,3.02127,1.839702,2621351
2009-10-06,2.99745,3.30513,2.99745,3.2158,1.9581549999999999,9854966
2009-10-07,3.22573,3.27536,3.0967,3.14633,1.915852,6885584
2009-10-08,3.17908,3.21283,3.1364,3.15427,1.9206880000000002,3160208
2009-10-09,3.1364,3.18603,3.10663,3.14831,1.9170580000000002,3529111
2009-10-12,3.1602200000000003,3.2743599999999997,3.1572400000000003,3.2267200000000003,1.9648029999999999,2461493
2009-10-13,3.18603,3.2158,3.12648,3.14633,1.915852,3488505
2009-10-14,3.17908,3.25054,3.16717,3.19496,1.9454639999999999,4129591
2009-10-15,3.1761,3.19,3.12548,3.16221,1.9255220000000002,3010011
2009-10-16,3.1761,3.1850400000000003,3.09174,3.11258,1.895302,7495274
2009-10-19,3.12648,3.23962,3.11655,3.23466,1.969638,3429668
2009-10-20,3.23565,3.24558,3.17809,3.2038900000000003,1.9509020000000001,2711553
2009-10-21,3.1661799999999998,3.23168,3.12151,3.18206,1.937609,4771803
2009-10-22,3.18007,3.30116,3.14633,3.29322,2.005297,8117601
2009-10-23,3.31506,3.3448300000000004,3.26543,3.2962,2.007111,5689001
2009-10-26,3.3547599999999997,3.3547599999999997,3.11655,3.1761,1.93398,8205638
2009-10-27,3.18404,3.19595,2.93194,3.10067,1.88805,7963683
2009-10-28,3.10663,3.1235,2.94782,2.9557599999999997,1.799812,7177807
2009-10-29,2.94782,3.03715,2.93392,3.01631,1.8366810000000002,4503476
2009-10-30,3.057,3.06593,2.89819,2.89819,1.7647560000000002,6403684
2009-11-02,2.87834,2.91308,2.84658,2.8843,1.756298,6439154
2009-11-03,2.82872,2.9051400000000003,2.80887,2.89819,1.7647560000000002,5425684
2009-11-04,2.9379,2.9527799999999997,2.87834,2.93293,1.7859099999999999,4226336
2009-11-05,2.91804,2.94782,2.86147,2.90613,1.769591,3668875
2009-11-06,2.9081200000000003,3.00142,2.8942200000000002,2.97263,1.810084,5679094
2009-11-09,2.9776,3.04707,2.9776,3.03715,1.8493709999999999,4297841
2009-11-10,3.057,3.0857799999999997,3.03715,3.0520400000000003,1.858438,4713296
2009-11-11,3.0718900000000002,3.0967,3.057,3.08181,1.876565,2787393
2009-11-12,3.08181,3.1026599999999998,3.03219,3.07387,1.871731,2600748
2009-11-13,3.03715,3.0718900000000002,3.03417,3.05898,1.8626639999999999,3115101
2009-11-16,3.0967,3.0967,3.04707,3.07685,1.873545,7187841
2009-11-17,3.04826,3.12298,3.04528,3.07018,1.869484,4414047
2009-11-18,3.06819,3.11301,3.0592200000000003,3.07118,1.870093,3106994
2009-11-19,3.07815,3.08313,2.96857,2.96957,1.8082209999999999,6418342
2009-11-20,2.98849,3.00543,2.9386900000000002,2.9386900000000002,1.789418,6778515
2009-11-23,2.9586099999999997,3.02336,2.9586099999999997,3.00144,1.8276270000000001,9829038
2009-11-24,2.9904900000000003,3.0393,2.9855099999999997,3.00842,1.831877,2561109
2009-11-25,3.02137,3.04727,3.00543,3.0303299999999997,1.845218,2597052
2009-11-26,3.00543,3.0163900000000003,2.92972,2.9327099999999997,1.7857759999999998,3791766
2009-11-27,2.92872,3.01439,2.88888,2.98849,1.819741,3418790
2009-11-30,3.0293400000000004,3.0432799999999998,2.92872,2.92872,1.7833459999999999,4041616
2009-12-01,2.95662,3.01838,2.95363,3.00742,1.8312680000000001,3821624
2009-12-02,2.9645900000000003,2.9855099999999997,2.92275,2.94367,1.8351650000000002,4106062
2009-12-03,2.9715599999999998,2.97853,2.92972,2.9386900000000002,1.8320599999999998,3740936
2009-12-04,2.9386900000000002,2.96957,2.89984,2.94466,1.835782,3497004
2009-12-07,2.94765,2.9725599999999996,2.91378,2.94765,1.837646,4710373
2009-12-08,2.9327099999999997,2.96658,2.89485,2.9386900000000002,1.8320599999999998,2992700
2009-12-09,2.9098,2.9456599999999997,2.85003,2.8540099999999997,1.779268,6584666
2009-12-10,2.857,2.87493,2.7982299999999998,2.80022,1.7457340000000001,6996992
2009-12-11,2.80819,2.8470400000000002,2.8062,2.8201400000000003,1.7581529999999999,3121136
2009-12-14,2.82911,2.87194,2.82911,2.86497,1.786101,8728262
2009-12-15,2.83907,2.8938599999999997,2.83907,2.87892,1.794798,10389396
2009-12-16,2.87892,2.9357,2.87892,2.9327099999999997,1.8283310000000002,10556419
2009-12-17,2.9078,2.92872,2.8799099999999997,2.88489,1.7985200000000001,6714765
2009-12-18,2.88489,2.91876,2.87194,2.8839,1.7979020000000001,14259070
2009-12-21,2.8839,2.95064,2.86995,2.95064,1.8395099999999998,5451848
2009-12-22,2.93371,2.96857,2.93371,2.95064,1.8395099999999998,2032415
2009-12-23,2.96857,2.9775400000000003,2.95064,2.9616,1.846343,1641832
2009-12-28,2.94865,2.98252,2.94865,2.96857,1.850689,1521179
2009-12-29,2.96857,2.9775400000000003,2.93968,2.94267,1.834541,2221177
2009-12-30,2.9386900000000002,2.9546200000000002,2.9098,2.91577,1.8177709999999998,2250413
2010-01-04,2.92374,2.97853,2.92175,2.97853,1.856897,2018270
2010-01-05,2.88888,3.0662,2.88888,3.0333200000000002,1.891055,13759059
2010-01-06,3.05823,3.08512,3.0383,3.0592200000000003,1.907202,3242850
2010-01-07,3.05823,3.07616,3.02137,3.0502599999999997,1.901616,5972715
2010-01-08,3.07715,3.07715,3.0114099999999997,3.0333200000000002,1.891055,5735464
2010-01-11,3.06022,3.06719,3.01838,3.04229,1.8966470000000002,5153450
2010-01-12,3.0333200000000002,3.06121,2.99447,3.0293400000000004,1.888573,4149594
2010-01-13,3.02336,3.05723,3.00244,3.05723,1.905961,4241518
2010-01-14,3.06719,3.07815,3.02834,3.07815,1.9190029999999998,4790367
2010-01-15,3.08811,3.10505,3.0124,3.0293400000000004,1.888573,5074512
2010-01-18,3.0293400000000004,3.04229,3.00941,3.02037,1.882982,1577283
2010-01-19,3.0124,3.05823,2.97355,3.05125,1.9022330000000003,4169974
2010-01-20,3.05225,3.07317,2.96857,2.99348,1.866218,3895813
2010-01-21,2.99547,3.0163900000000003,2.90083,2.91279,1.815913,5552246
2010-01-22,2.89784,2.9197599999999997,2.83907,2.9197599999999997,1.820259,5368851
2010-01-25,2.9197599999999997,2.9386900000000002,2.86397,2.90282,1.8096970000000001,2955372
2010-01-26,2.87692,2.91378,2.8599900000000003,2.9088,1.8134259999999998,2496306
2010-01-27,2.8829,2.8988400000000003,2.84007,2.85501,1.779891,3868676
2010-01-28,2.86796,2.91577,2.7812900000000003,2.78229,1.7345560000000002,5585282
2010-01-29,2.78229,2.84903,2.7494099999999997,2.84903,1.7761639999999999,5596870
2010-02-01,2.80321,2.89685,2.7942400000000003,2.89087,1.8022479999999999,4136295
2010-02-02,2.9068099999999997,2.95562,2.86995,2.95562,1.8426150000000001,6915114
2010-02-03,2.97654,2.98252,2.78428,2.82313,1.7600169999999997,12720576
2010-02-04,2.8281099999999997,2.8281099999999997,2.63984,2.63984,1.645748,11139814
2010-02-05,2.61294,2.62987,2.5462,2.57608,1.605999,12952697
2010-02-08,2.5750900000000003,2.63884,2.52129,2.57608,1.605999,8327372
2010-02-09,2.56811,2.61692,2.5491900000000003,2.58405,1.610968,8036988
2010-02-10,2.60995,2.68267,2.60995,2.68267,1.67245,6955462
2010-02-11,2.6896400000000003,2.6896400000000003,2.59003,2.6219099999999997,1.634571,7830354
2010-02-12,2.61991,2.63984,2.5561599999999998,2.59899,1.620282,5587547
2010-02-15,2.61394,2.62489,2.5621400000000003,2.5830599999999997,1.610351,3478903
2010-02-16,2.61095,2.62987,2.58007,2.59302,1.61656,5618200
2010-02-17,2.62987,2.66574,2.60995,2.66574,1.6618950000000001,4980705
2010-02-18,2.65976,2.68765,2.63386,2.66474,1.661272,5164606
2010-02-19,2.64283,2.68865,2.61991,2.68267,1.67245,6272668
2010-02-22,2.7006,2.71156,2.67072,2.68865,1.676178,5636679
2010-02-23,2.6936299999999997,2.71853,2.6348599999999998,2.64581,1.64947,5822682
2010-02-24,2.63884,2.65478,2.60298,2.61991,1.633324,4230444
2010-02-25,2.61593,2.63984,2.56014,2.5721,1.603518,9053792
2010-02-26,2.59401,2.63884,2.5721,2.6348599999999998,1.6426439999999998,14365461
2010-03-01,2.6896400000000003,2.6896400000000003,2.62489,2.65478,1.6550630000000002,6293468
2010-03-02,2.6677299999999997,2.6677299999999997,2.5880400000000003,2.60796,1.625874,14356863
2010-03-03,2.61692,2.65777,2.59501,2.6498,1.6519580000000003,11978820
2010-03-04,2.64681,2.77332,2.62689,2.7494099999999997,1.714058,13842469
2010-03-05,2.7494099999999997,2.83409,2.74543,2.82911,1.7637450000000001,9104601
2010-03-08,2.8799099999999997,2.92374,2.7812900000000003,2.78428,1.735796,7007532
2010-03-09,2.78328,2.78328,2.69064,2.7016,1.684252,6963363
2010-03-10,2.69861,2.7494099999999997,2.66076,2.74543,1.7115759999999998,6245937
2010-03-11,2.74045,2.76934,2.7265,2.7553900000000002,1.717786,6386820
2010-03-12,2.7623599999999997,2.8052,2.76137,2.7852799999999998,1.73642,7318558
2010-03-15,2.75838,2.7793,2.7105599999999996,2.7105599999999996,1.6898369999999998,5654760
2010-03-16,2.71754,2.7534,2.71754,2.74344,1.710336,4302719
2010-03-17,2.7593799999999997,2.76436,2.72451,2.73945,1.707848,6090595
2010-03-18,2.71953,2.73945,2.69961,2.71555,1.6929490000000003,5423372
2010-03-19,2.71555,2.7354700000000003,2.6966200000000002,2.71853,1.694806,5949155
2010-03-22,2.70857,2.70857,2.6219099999999997,2.65777,1.656927,7260355
2010-03-23,2.65777,2.69263,2.65079,2.6806799999999997,1.6712099999999999,4124801
2010-03-24,2.69164,2.69961,2.64083,2.67968,1.6705860000000001,3947113
2010-03-25,2.6896400000000003,2.72451,2.65179,2.71455,1.692325,2955935
2010-03-26,2.71654,2.7544,2.69164,2.7534,1.716545,5064065
2010-03-29,2.7544,2.78627,2.74145,2.76037,1.720891,2488003
2010-03-30,2.75838,2.7803,2.70558,2.70558,1.6867330000000003,7928736
2010-03-31,2.71256,2.73348,2.68566,2.70558,1.6867330000000003,10193350
2010-04-01,2.7095700000000003,2.74742,2.70459,2.74742,1.7128169999999998,1607209
2010-04-06,2.74742,2.77631,2.73945,2.7494099999999997,1.714058,3395253
2010-04-07,2.76336,2.7882700000000002,2.72152,2.74045,1.7084720000000002,5952383
2010-04-08,2.72949,2.73148,2.67171,2.69562,1.6805240000000001,5064046
2010-04-09,2.7285,2.76934,2.71256,2.75838,1.71965,5703280
2010-04-12,2.77731,2.78926,2.74643,2.75838,1.71965,3552006
2010-04-13,2.7553900000000002,2.78727,2.74045,2.78627,1.737037,5139600
2010-04-14,2.78926,2.8410599999999997,2.7803,2.8410599999999997,1.771195,5744806
2010-04-15,2.8589900000000004,2.8589900000000004,2.7803,2.81217,1.753184,6970601
2010-04-16,2.78926,2.81915,2.7285,2.74344,1.710336,7380217
2010-04-19,2.7285,2.75041,2.69961,2.70459,1.686116,5224366
2010-04-20,2.73746,2.74443,2.69961,2.73945,1.707848,5733320
2010-04-21,2.73846,2.74344,2.68566,2.6966200000000002,1.6811470000000002,5167095
2010-04-22,2.6806799999999997,2.71953,2.63187,2.65378,1.654439,7991892
2010-04-23,2.65976,2.67968,2.62489,2.62689,1.637675,7939172
2010-04-26,2.66374,2.67072,2.6149299999999998,2.62589,1.637052,4677952
2010-04-27,2.6149299999999998,2.62589,2.4944,2.4944,1.555077,6415046
2010-04-28,2.49041,2.50735,2.32405,2.32405,1.448877,16874157
2010-04-29,2.3868099999999997,2.4306400000000004,2.33202,2.39378,1.492348,18931594
2010-04-30,2.39378,2.49041,2.3728599999999997,2.45953,1.533339,15616811
2010-05-03,2.46053,2.5103400000000002,2.3908,2.3997599999999997,1.496076,6134141
2010-05-04,2.3908,2.42367,2.27126,2.27723,1.4196879999999998,10775917
2010-05-05,2.27723,2.35095,2.21149,2.27922,1.420928,14007512
2010-05-06,2.24237,2.31608,2.19156,2.21447,1.3805610000000001,9379329
2010-05-07,2.21447,2.2862,2.10888,2.1596900000000003,1.34641,10484117
2010-05-10,2.37486,2.54719,2.3469599999999997,2.52926,1.57681,19439374
2010-05-11,2.47248,2.5203,2.3629,2.42965,1.51471,11934004
2010-05-12,2.42965,2.5103400000000002,2.4047400000000003,2.48145,1.547004,8182290
2010-05-13,2.51532,2.51532,2.4256599999999997,2.4655099999999996,1.537067,3631559
2010-05-14,2.4316400000000002,2.4316400000000002,2.2911799999999998,2.3111,1.440803,7319114
2010-05-17,2.25133,2.30114,2.20152,2.2154700000000003,1.381185,11165204
2010-05-18,2.25831,2.32903,2.22244,2.30612,1.437699,10711487
2010-05-19,2.25831,2.26926,2.19256,2.21746,1.382426,8361542
2010-05-20,2.2593,2.27126,2.14375,2.2025200000000003,1.373111,6148486
2010-05-21,2.20551,2.2603,2.1736299999999997,2.25133,1.403541,11808181
2010-05-24,2.25133,2.2612900000000002,2.15172,2.19555,1.368766,5285921
2010-05-25,2.14175,2.14773,2.09195,2.14773,1.338954,6915673
2010-05-26,2.1816,2.2194599999999998,2.1806,2.1806,1.359446,11714289
2010-05-27,2.22742,2.29616,2.16965,2.27922,1.420928,6746085
2010-05-28,2.31011,2.3111,2.24137,2.25831,1.407892,5382244
2010-05-31,2.22244,2.2862,2.22145,2.28022,1.4215520000000001,4406644
2010-06-01,2.268,2.27,2.165,2.255,1.405829,5863845
2010-06-02,2.23,2.25,2.184,2.24,1.396477,6505944
2010-06-03,2.3,2.3,2.24,2.248,1.401465,3488524
2010-06-04,2.262,2.262,2.101,2.131,1.328524,31253036
2010-06-07,2.13,2.188,2.055,2.155,1.343486,8194753
2010-06-08,2.165,2.179,2.106,2.16,1.346603,7929563
2010-06-09,2.16,2.186,2.12,2.16,1.346603,9572289
2010-06-10,2.155,2.3,2.138,2.299,1.43326,8547267
2010-06-11,2.299,2.399,2.288,2.37,1.477523,65746882
2010-06-14,2.411,2.411,2.357,2.4,1.496226,19434747
2010-06-15,2.392,2.416,2.351,2.398,1.494979,18671241
2010-06-16,2.355,2.36,2.27,2.314,1.492399,13560460
2010-06-17,2.302,2.33,2.28,2.288,1.475631,9722379
2010-06-18,2.296,2.314,2.254,2.295,1.480145,68156829
2010-06-21,2.308,2.36,2.308,2.348,1.5143280000000001,11456859
2010-06-22,2.36,2.399,2.341,2.376,1.532386,7941350
2010-06-23,2.351,2.375,2.312,2.316,1.493689,3351856
2010-06-24,2.326,2.331,2.266,2.293,1.478855,5396382
2010-06-25,2.286,2.328,2.253,2.295,1.480145,4470900
2010-06-28,2.295,2.357,2.281,2.354,1.518197,11560511
2010-06-29,2.311,2.329,2.2,2.245,1.447898,4510974
2010-06-30,2.24,2.286,2.213,2.246,1.4485430000000001,5127328
2010-07-01,2.21,2.259,2.175,2.247,1.449188,6853068
2010-07-02,2.247,2.372,2.23,2.317,1.494334,8482305
2010-07-05,2.317,2.338,2.287,2.3,1.48337,2648580
2010-07-06,2.298,2.383,2.298,2.36,1.522067,3009902
2010-07-07,2.355,2.44,2.326,2.427,1.5652780000000002,4821168
2010-07-08,2.444,2.47,2.38,2.429,1.566567,6042890
2010-07-09,2.429,2.49,2.421,2.443,1.575597,5406555
2010-07-12,2.453,2.464,2.41,2.436,1.5710819999999999,2848625
2010-07-13,2.436,2.48,2.422,2.477,1.597525,7693770
2010-07-14,2.477,2.498,2.408,2.464,1.589141,4773070
2010-07-15,2.462,2.485,2.42,2.456,1.5839809999999999,6125922
2010-07-16,2.453,2.469,2.381,2.404,1.5504440000000002,3183229
2010-07-19,2.401,2.438,2.369,2.37,1.528516,2481055
2010-07-20,2.399,2.406,2.341,2.382,1.5362559999999998,2471511
2010-07-21,2.41,2.48,2.41,2.447,1.578177,3556977
2010-07-22,2.42,2.517,2.403,2.51,1.618808,3726418
2010-07-23,2.5,2.639,2.499,2.577,1.662019,5920385
2010-07-26,2.589,2.62,2.558,2.607,1.681368,8891090
2010-07-27,2.62,2.71,2.617,2.669,1.721354,7568352
2010-07-28,2.704,2.704,2.55,2.583,1.665889,6071283
2010-07-29,2.591,2.636,2.59,2.601,1.677498,4171736
2010-07-30,2.59,2.62,2.532,2.532,1.632997,7296522
2010-08-02,2.565,2.65,2.53,2.64,1.702651,7254486
2010-08-03,2.621,2.665,2.616,2.655,1.712325,6092462
2010-08-04,2.659,2.67,2.589,2.629,1.695556,4262690
2010-08-05,2.634,2.651,2.604,2.623,1.691687,2951715
2010-08-06,2.633,2.645,2.554,2.56,1.651056,4842187
2010-08-09,2.615,2.615,2.593,2.602,1.678143,2901642
2010-08-10,2.581,2.605,2.557,2.56,1.651056,2069488
2010-08-11,2.55,2.561,2.422,2.435,1.570437,4518428
2010-08-12,2.428,2.435,2.372,2.39,1.541415,4859118
2010-08-13,2.41,2.44,2.34,2.377,1.533031,3686019
2010-08-16,2.38,2.399,2.332,2.388,1.540125,2870513
2010-08-17,2.394,2.43,2.36,2.416,1.558183,3122881
2010-08-18,2.4,2.437,2.37,2.398,1.546575,2151062
2010-08-19,2.415,2.415,2.36,2.367,1.526581,4264014
2010-08-20,2.35,2.377,2.306,2.316,1.493689,3671465
2010-08-23,2.316,2.348,2.302,2.317,1.494334,2222903
2010-08-24,2.317,2.324,2.251,2.267,1.4620870000000001,4314339
2010-08-25,2.27,2.273,2.16,2.176,1.403397,8857366
2010-08-26,2.2,2.243,2.185,2.231,1.438869,5042204
2010-08-27,2.219,2.3,2.219,2.268,1.462732,4596581
2010-08-30,2.292,2.3,2.252,2.262,1.458862,2267362
2010-08-31,2.239,2.267,2.202,2.267,1.4620870000000001,4329964
2010-09-01,2.279,2.35,2.257,2.336,1.5065879999999998,6261171
2010-09-02,2.33,2.35,2.318,2.33,1.502718,2793175
2010-09-03,2.347,2.369,2.325,2.334,1.505298,5083044
2010-09-06,2.369,2.369,2.341,2.349,1.514972,2196363
2010-09-07,2.351,2.353,2.306,2.326,1.500138,3413176
2010-09-08,2.326,2.352,2.306,2.337,1.507233,21921317
2010-09-09,2.337,2.377,2.313,2.36,1.522067,4752867
2010-09-10,2.359,2.36,2.332,2.335,1.505943,2786828
2010-09-13,2.35,2.398,2.35,2.387,1.53948,2985305
2010-09-14,2.39,2.41,2.373,2.386,1.538835,3447272
2010-09-15,2.405,2.405,2.361,2.373,1.530451,4332628
2010-09-16,2.365,2.375,2.35,2.35,1.515617,3770747
2010-09-17,2.365,2.368,2.28,2.291,1.477565,6517548
2010-09-20,2.291,2.309,2.281,2.3,1.48337,4326786
2010-09-21,2.305,2.341,2.288,2.294,1.4795,7791541
2010-09-22,2.303,2.307,2.254,2.255,1.454348,3024445
2010-09-23,2.284,2.29,2.212,2.228,1.436934,5937154
2010-09-24,2.23,2.29,2.216,2.281,1.471116,8303624
2010-09-27,2.284,2.308,2.257,2.27,1.464022,6115205
2010-09-28,2.265,2.278,2.23,2.246,1.4485430000000001,5616181
2010-09-29,2.258,2.265,2.21,2.254,1.453703,4138214
2010-09-30,2.235,2.268,2.225,2.232,1.439514,4057775
2010-10-01,2.23,2.245,2.194,2.197,1.416941,5592481
2010-10-04,2.2,2.207,2.135,2.18,1.405977,6666941
2010-10-05,2.2,2.246,2.177,2.246,1.4485430000000001,4686737
2010-10-06,2.258,2.289,2.252,2.265,1.460797,6045480
2010-10-07,2.26,2.288,2.241,2.269,1.4633770000000001,2732980
2010-10-08,2.269,2.276,2.242,2.259,1.456927,2157801
2010-10-11,2.27,2.279,2.243,2.248,1.449833,2645653
2010-10-12,2.236,2.271,2.216,2.256,1.454992,3875925
2010-10-13,2.284,2.309,2.272,2.303,1.4853049999999999,8251254
2010-10-14,2.329,2.428,2.329,2.383,1.5369,14899723
2010-10-15,2.4,2.41,2.384,2.395,1.54464,9095793
2010-10-18,2.395,2.412,2.36,2.378,1.533676,4306824
2010-10-19,2.387,2.396,2.361,2.366,1.525936,4656516
2010-10-20,2.35,2.352,2.313,2.349,1.514972,5943850
2010-10-21,2.349,2.369,2.321,2.338,1.507878,14823273
2010-10-22,2.324,2.379,2.323,2.352,1.516907,5241021
2010-10-25,2.372,2.372,2.335,2.34,1.509168,3568537
2010-10-26,2.32,2.344,2.301,2.321,1.4969139999999999,13202283
2010-10-27,2.332,2.354,2.283,2.29,1.47692,3823355
2010-10-28,2.307,2.359,2.285,2.352,1.516907,10037072
2010-10-29,2.36,2.39,2.345,2.384,1.5375450000000002,7531360
2010-11-01,2.4,2.4,2.306,2.315,1.493044,6667511
2010-11-02,2.34,2.391,2.31,2.386,1.538835,7325691
2010-11-03,2.395,2.397,2.33,2.341,1.5098129999999998,6666387
2010-11-04,2.378,2.387,2.343,2.36,1.522067,5619978
2010-11-05,2.354,2.375,2.301,2.312,1.491109,5553104
2010-11-08,2.3,2.329,2.282,2.299,1.482725,4773788
2010-11-09,2.3,2.33,2.284,2.311,1.490465,9186814
2010-11-10,2.312,2.319,2.24,2.243,1.446608,8828102
2010-11-11,2.24,2.254,2.139,2.149,1.385983,19035717
2010-11-12,2.127,2.208,2.1,2.175,1.402752,10554708
2010-11-15,2.162,2.23,2.16,2.224,1.4343549999999998,8643749
2010-11-16,2.216,2.217,2.16,2.171,1.400172,5105563
2010-11-17,2.174,2.205,2.16,2.189,1.411781,7455464
2010-11-18,2.21,2.23,2.19,2.205,1.4221,6264766
2010-11-19,2.213,2.22,2.188,2.202,1.420166,13147332
2010-11-22,2.202,2.228,2.117,2.124,1.36986,12324029
2010-11-23,2.113,2.157,2.08,2.08,1.341482,14664404
2010-11-24,2.079,2.12,2.04,2.091,1.3485770000000001,9935468
2010-11-25,2.103,2.119,2.043,2.08,1.341482,20653427
2010-11-26,2.083,2.083,2.005,2.025,1.306011,13657714
2010-11-29,2.04,2.075,1.991,1.995,1.286662,24140496
2010-11-30,2.022,2.022,1.94,1.957,1.262154,31691156
2010-12-01,1.93,2.073,1.916,2.057,1.3758620000000001,28230688
2010-12-02,2.09,2.1,1.97,2.04,1.364491,25043090
2010-12-03,2.05,2.085,2.024,2.043,1.366498,38020170
2010-12-06,2.069,2.069,2.011,2.017,1.349108,14973068
2010-12-07,2.016,2.054,2.014,2.026,1.355127,20593051
2010-12-08,2.028,2.094,2.02,2.067,1.382551,6331433
2010-12-09,2.09,2.113,2.077,2.112,1.41265,4657160
2010-12-10,2.12,2.12,2.081,2.095,1.4012790000000002,3896847
2010-12-13,2.128,2.147,2.094,2.147,1.4360600000000001,5843152
2010-12-14,2.15,2.152,2.116,2.151,1.438736,3848076
2010-12-15,2.15,2.159,2.12,2.141,1.4320469999999998,5707470
2010-12-16,2.133,2.152,2.1,2.114,1.413988,3374117
2010-12-17,2.116,2.12,2.04,2.06,1.377869,19744958
2010-12-20,2.073,2.124,2.048,2.098,1.403286,5507919
2010-12-21,2.135,2.145,2.107,2.134,1.427365,3257071
2010-12-22,2.138,2.15,2.12,2.142,1.4327159999999999,4714777
2010-12-23,2.14,2.165,2.136,2.149,1.437398,3668681
2010-12-27,2.14,2.149,2.075,2.093,1.3999409999999999,3020503
2010-12-28,2.109,2.114,2.077,2.094,1.4006100000000001,2169974
2010-12-29,2.081,2.124,2.08,2.111,1.411981,2253307
2010-12-30,2.111,2.118,2.062,2.078,1.389908,3038647
2011-01-03,2.084,2.11,2.073,2.095,1.4012790000000002,1952973
2011-01-04,2.105,2.15,2.076,2.15,1.438067,5591544
2011-01-05,2.15,2.16,2.085,2.16,1.444756,6013562
2011-01-06,2.16,2.17,2.13,2.141,1.4320469999999998,3746572
2011-01-07,2.139,2.14,2.051,2.067,1.382551,12313275
2011-01-10,2.054,2.055,2.01,2.033,1.359809,7842814
2011-01-11,2.037,2.175,2.034,2.175,1.454788,14314402
2011-01-12,2.174,2.25,2.154,2.245,1.501609,10951428
2011-01-13,2.237,2.29,2.235,2.276,1.5223440000000001,12209652
2011-01-14,2.29,2.31,2.245,2.294,1.534384,8280297
2011-01-17,2.293,2.299,2.221,2.29,1.531708,6213229
2011-01-18,2.29,2.346,2.281,2.335,1.561808,6230840
2011-01-19,2.34,2.35,2.311,2.332,1.559801,7726272
2011-01-20,2.329,2.393,2.314,2.393,1.600602,8186440
2011-01-21,2.377,2.45,2.377,2.446,1.636052,12072535
2011-01-24,2.424,2.45,2.392,2.45,1.638728,6781195
2011-01-25,2.455,2.46,2.402,2.453,1.640734,5536644
2011-01-26,2.46,2.475,2.427,2.437,1.630032,5850374
2011-01-27,2.455,2.48,2.406,2.456,1.642741,12314024
2011-01-28,2.464,2.52,2.46,2.472,1.6534419999999999,8536484
2011-01-31,2.462,2.5,2.442,2.482,1.660131,8637138
2011-02-01,2.495,2.521,2.471,2.508,1.6775220000000002,14584120
2011-02-02,2.537,2.592,2.504,2.56,1.712303,9218090
2011-02-03,2.58,2.598,2.512,2.54,1.698926,11506375
2011-02-04,2.55,2.59,2.51,2.575,1.722336,17187307
2011-02-07,2.59,2.7,2.585,2.7,1.8059450000000001,13618000
2011-02-08,2.677,2.706,2.651,2.692,1.800593,8006577
2011-02-09,2.695,2.7,2.667,2.679,1.791898,6271810
2011-02-10,2.661,2.673,2.582,2.673,1.787885,11252503
2011-02-11,2.664,2.673,2.594,2.651,1.7731700000000001,9012658
2011-02-14,2.672,2.678,2.611,2.638,1.764475,4062220
2011-02-15,2.64,2.673,2.625,2.634,1.7617990000000001,6493814
2011-02-16,2.642,2.75,2.64,2.748,1.83805,10124777
2011-02-17,2.75,2.772,2.7,2.737,1.8306919999999998,5690280
2011-02-18,2.738,2.75,2.702,2.724,1.821997,3418558
2011-02-21,2.722,2.73,2.64,2.643,1.7678189999999998,5070011
2011-02-22,2.66,2.72,2.625,2.707,1.8106259999999998,7757849
2011-02-23,2.678,2.7,2.645,2.651,1.7731700000000001,17146826
2011-02-24,2.625,2.638,2.583,2.62,1.752435,4859147
2011-02-25,2.628,2.694,2.626,2.689,1.798587,4172634
2011-02-28,2.699,2.71,2.654,2.692,1.800593,4390508
2011-03-01,2.707,2.713,2.65,2.702,1.807282,7452027
2011-03-02,2.684,2.684,2.615,2.63,1.7591240000000001,6857105
2011-03-03,2.649,2.7,2.611,2.659,1.778521,6564658
2011-03-04,2.661,2.712,2.66,2.671,1.786547,14569302
2011-03-07,2.67,2.771,2.651,2.708,1.811295,6507766
2011-03-08,2.724,2.733,2.672,2.712,1.813971,4153902
2011-03-09,2.706,2.723,2.691,2.722,1.820659,4541609
2011-03-10,2.685,2.7,2.585,2.595,1.735713,13892398
2011-03-11,2.59,2.65,2.552,2.62,1.752435,9697926
2011-03-14,2.577,2.619,2.5,2.574,1.7216669999999998,10102138
2011-03-15,2.521,2.55,2.447,2.524,1.6882240000000002,10353402
2011-03-16,2.532,2.567,2.481,2.482,1.660131,8793312
2011-03-17,2.49,2.57,2.48,2.56,1.712303,5237069
2011-03-18,2.577,2.58,2.512,2.515,1.682204,7624347
2011-03-21,2.557,2.626,2.537,2.603,1.741064,8677131
2011-03-22,2.614,2.669,2.609,2.642,1.76715,9042123
2011-03-23,2.644,2.745,2.639,2.699,1.805275,10271418
2011-03-24,2.68,2.745,2.645,2.735,1.8293549999999998,11218194
2011-03-25,2.742,2.747,2.693,2.712,1.813971,4819922
2011-03-28,2.719,2.735,2.692,2.707,1.8106259999999998,9651867
2011-03-29,2.714,2.74,2.61,2.657,1.7771830000000002,9337831
2011-03-30,2.674,2.703,2.66,2.691,1.799924,5713832
2011-03-31,2.7,2.71,2.656,2.659,1.778521,4916021
2011-04-01,2.661,2.73,2.661,2.714,1.8153080000000001,6085424
2011-04-04,2.714,2.739,2.69,2.709,1.811964,4733546
2011-04-05,2.716,2.719,2.674,2.692,1.800593,5516208
2011-04-06,2.7,2.748,2.689,2.738,1.831361,4476169
2011-04-07,2.738,2.79,2.703,2.752,1.840725,6319378
2011-04-08,2.766,2.797,2.763,2.779,1.858785,3424265
2011-04-11,2.77,2.793,2.76,2.76,1.8460759999999998,3848399
2011-04-12,2.758,2.775,2.744,2.755,1.842732,3842918
2011-04-13,2.76,2.779,2.722,2.744,1.835375,4313721
2011-04-14,2.719,2.759,2.682,2.695,1.8026,5433333
2011-04-15,2.702,2.711,2.64,2.66,1.77919,6121676
2011-04-18,2.66,2.66,2.572,2.58,1.7256799999999999,8928094
2011-04-19,2.58,2.62,2.551,2.59,1.7323680000000001,3807465
2011-04-20,2.61,2.65,2.61,2.644,1.768488,6001283
2011-04-21,2.667,2.72,2.642,2.677,1.790561,5893722
2011-04-26,2.669,2.715,2.669,2.696,1.8032689999999998,3321480
2011-04-27,2.708,2.78,2.708,2.757,1.84407,7360806
2011-04-28,2.771,2.796,2.765,2.784,1.8621290000000001,5390026
2011-04-29,2.782,2.82,2.767,2.82,1.886208,7698467
2011-05-02,2.847,2.88,2.831,2.872,1.9209900000000002,5302447
2011-05-03,2.89,2.89,2.776,2.797,1.8708240000000003,7191465
2011-05-04,2.814,2.869,2.758,2.766,1.8500900000000002,7731945
2011-05-05,2.799,2.799,2.69,2.701,1.806613,10971402
2011-05-06,2.7,2.777,2.693,2.751,1.840057,9899048
2011-05-09,2.75,2.759,2.681,2.707,1.8106259999999998,5824010
2011-05-10,2.707,2.739,2.685,2.725,1.822666,2746666
2011-05-11,2.75,2.79,2.719,2.772,1.8541029999999998,7787316
2011-05-12,2.746,2.767,2.709,2.756,1.8434009999999998,10598603
2011-05-13,2.774,2.777,2.682,2.701,1.806613,6606244
2011-05-16,2.68,2.7,2.65,2.696,1.8032689999999998,2786616
2011-05-17,2.7,2.707,2.66,2.663,1.781196,3015603
2011-05-18,2.683,2.7,2.656,2.687,1.797249,4193907
2011-05-19,2.7,2.707,2.67,2.688,1.7979169999999998,2912237
2011-05-20,2.688,2.73,2.642,2.662,1.780527,6213377
2011-05-23,2.619,2.619,2.562,2.593,1.734376,4776852
2011-05-24,2.582,2.613,2.575,2.589,1.7317,3572071
2011-05-25,2.58,2.633,2.562,2.623,1.7544419999999998,4621785
2011-05-26,2.625,2.678,2.58,2.594,1.7350450000000002,5069984
2011-05-27,2.627,2.656,2.57,2.624,1.755111,2975756
2011-05-30,2.607,2.624,2.602,2.618,1.7510970000000001,1370322
2011-05-31,2.638,2.686,2.63,2.668,1.784541,3848218
2011-06-01,2.699,2.707,2.626,2.637,1.7638060000000002,4901611
2011-06-02,2.619,2.665,2.605,2.619,1.751766,455179182
2011-06-03,2.63,2.65,2.562,2.616,1.749759,4155158
2011-06-06,2.624,2.624,2.552,2.572,1.720329,4769425
2011-06-07,2.566,2.602,2.554,2.588,1.7310310000000002,4599880
2011-06-08,2.579,2.58,2.536,2.566,1.716316,8927423
2011-06-09,2.56,2.61,2.553,2.594,1.7350450000000002,3736506
2011-06-10,2.601,2.605,2.547,2.558,1.710965,4350769
2011-06-13,2.563,2.598,2.546,2.58,1.7256799999999999,3858358
2011-06-14,2.595,2.63,2.581,2.617,1.7504279999999999,9663235
2011-06-15,2.621,2.639,2.592,2.61,1.745746,37592668
2011-06-16,2.586,2.629,2.571,2.586,1.729693,7204256
2011-06-17,2.571,2.66,2.57,2.635,1.762468,9942922
2011-06-20,2.619,2.619,2.536,2.553,1.7076209999999998,21541817
2011-06-21,2.545,2.618,2.545,2.591,1.733037,8774885
2011-06-22,2.521,2.556,2.497,2.537,1.750982,52449435
2011-06-23,2.53,2.532,2.458,2.485,1.715093,6191788
2011-06-24,2.55,2.55,2.39,2.406,1.660569,12134882
2011-06-27,2.39,2.434,2.374,2.406,1.660569,11149733
2011-06-28,2.405,2.444,2.385,2.433,1.6792040000000001,8884840
2011-06-29,2.442,2.506,2.435,2.479,1.710952,12345197
2011-06-30,2.496,2.56,2.48,2.56,1.766857,8670368
2011-07-01,2.569,2.59,2.552,2.581,1.78135,8610517
2011-07-04,2.6,2.643,2.58,2.626,1.8124080000000002,7239733
2011-07-05,2.619,2.622,2.577,2.579,1.77997,10958951
2011-07-06,2.572,2.638,2.525,2.578,1.77928,13537856
2011-07-07,2.599,2.622,2.556,2.576,1.7778990000000001,4989802
2011-07-08,2.578,2.625,2.52,2.555,1.763405,17081184
2011-07-11,2.537,2.537,2.43,2.464,1.7005990000000002,14009458
2011-07-12,2.448,2.45,2.362,2.438,1.682655,18172428
2011-07-13,2.425,2.6,2.425,2.553,1.762025,21155942
2011-07-14,2.553,2.56,2.501,2.503,1.727516,12282147
2011-07-15,2.484,2.569,2.459,2.459,1.6971479999999999,20773824
2011-07-18,2.452,2.501,2.344,2.358,1.62744,20640614
2011-07-19,2.44,2.446,2.345,2.398,1.6550479999999999,26778877
2011-07-20,2.458,2.502,2.41,2.495,1.7219950000000002,12584552
2011-07-21,2.516,2.649,2.473,2.649,1.828282,31008688
2011-07-22,2.65,2.719,2.563,2.594,1.7903229999999999,37750087
2011-07-25,2.58,2.597,2.538,2.549,1.759264,5788971
2011-07-26,2.604,2.609,2.503,2.533,1.7482209999999998,8763249
2011-07-27,2.526,2.544,2.471,2.486,1.7157830000000003,7111618
2011-07-28,2.47,2.523,2.446,2.49,1.7185439999999998,7958241
2011-07-29,2.445,2.499,2.436,2.479,1.710952,7353317
2011-08-01,2.535,2.538,2.385,2.385,1.646075,11566547
2011-08-02,2.372,2.395,2.302,2.305,1.590861,12739211
2011-08-03,2.284,2.37,2.25,2.278,1.5722260000000001,7875932
2011-08-04,2.322,2.367,2.19,2.192,1.5128709999999999,9063196
2011-08-05,2.119,2.279,2.11,2.191,1.5121799999999999,10439621
2011-08-08,2.17,2.347,2.165,2.165,1.4942360000000001,15869299
2011-08-09,2.179,2.279,2.115,2.192,1.5128709999999999,15668091
2011-08-10,2.244,2.274,2.07,2.085,1.439022,12080353
2011-08-11,2.145,2.156,1.97,2.091,1.443163,21663440
2011-08-12,2.114,2.327,2.077,2.327,1.6060450000000002,7276788
2011-08-15,2.308,2.38,2.297,2.37,1.635722,2828259
2011-08-16,2.384,2.39,2.266,2.31,1.5943120000000002,5094393
2011-08-17,2.307,2.374,2.293,2.358,1.62744,3563259
2011-08-18,2.38,2.394,2.266,2.37,1.635722,3959850
2011-08-19,2.295,2.359,2.262,2.28,1.5736059999999998,3060354
2011-08-22,2.281,2.39,2.281,2.36,1.6288209999999999,1342584
2011-08-23,2.39,2.42,2.272,2.277,1.571536,3434314
2011-08-24,2.28,2.419,2.255,2.413,1.6654,3770390
2011-08-25,2.44,2.48,2.41,2.429,1.6764430000000001,2810624
2011-08-26,2.42,2.42,2.27,2.3,1.58741,4451996
2011-08-29,2.356,2.358,2.313,2.32,1.601213,3462581
2011-08-30,2.337,2.359,2.31,2.323,1.603284,2501155
2011-08-31,2.34,2.389,2.329,2.389,1.648836,3491155
2011-09-01,2.397,2.416,2.311,2.33,1.608115,4776159
2011-09-02,2.3,2.35,2.274,2.35,1.621919,3576949
2011-09-05,2.28,2.326,2.21,2.21,1.5252940000000001,2112419
2011-09-06,2.198,2.278,2.07,2.125,1.4666290000000002,10888839
2011-09-07,2.189,2.269,2.16,2.261,1.5604930000000001,4045279
2011-09-08,2.28,2.337,2.235,2.249,1.552211,4132844
2011-09-09,2.216,2.278,2.17,2.172,1.499067,3996499
2011-09-12,2.12,2.164,2.088,2.093,1.4445430000000001,6744092
2011-09-13,2.155,2.169,2.06,2.167,1.495617,3264762
2011-09-14,2.149,2.22,2.11,2.196,1.515631,3707410
2011-09-15,2.201,2.28,2.201,2.24,1.545999,3725676
2011-09-16,2.28,2.28,2.207,2.249,1.552211,5090220
2011-09-19,2.192,2.279,2.172,2.242,1.54738,2210625
2011-09-20,2.215,2.359,2.21,2.337,1.612947,5419858
2011-09-21,2.36,2.37,2.324,2.335,1.611566,3367120
2011-09-22,2.248,2.298,2.211,2.227,1.5370270000000001,3552095
2011-09-23,2.249,2.259,2.131,2.23,1.539097,3343090
2011-09-26,2.191,2.32,2.191,2.273,1.568775,3186924
2011-09-27,2.312,2.33,2.28,2.3,1.58741,6152404
2011-09-28,2.25,2.33,2.25,2.305,1.590861,4137906
2011-09-29,2.279,2.389,2.279,2.37,1.635722,5566256
2011-09-30,2.339,2.388,2.302,2.338,1.613637,2516391
2011-10-03,2.282,2.359,2.275,2.332,1.6094959999999998,2860368
2011-10-04,2.303,2.376,2.262,2.376,1.639863,3869009
2011-10-05,2.39,2.419,2.351,2.385,1.646075,6653505
2011-10-06,2.404,2.45,2.381,2.419,1.669541,4691493
2011-10-07,2.449,2.469,2.395,2.4,1.6564279999999998,4986680
2011-10-10,2.42,2.426,2.4,2.417,1.668161,2753865
2011-10-11,2.426,2.433,2.381,2.399,1.6557380000000002,5471674
2011-10-12,2.391,2.59,2.38,2.559,1.766166,5318211
2011-10-13,2.56,2.6,2.512,2.53,1.7461509999999998,3480789
2011-10-14,2.525,2.56,2.5,2.521,1.739939,2324687
2011-10-17,2.542,2.58,2.534,2.557,1.764786,2355977
2011-10-18,2.548,2.548,2.482,2.522,1.74063,2143598
2011-10-19,2.53,2.57,2.53,2.552,1.7613349999999999,2644545
2011-10-20,2.52,2.538,2.405,2.405,1.659879,3347470
2011-10-21,2.417,2.56,2.411,2.515,1.735798,3149500
2011-10-24,2.55,2.59,2.51,2.59,1.787561,1651395
2011-10-25,2.59,2.609,2.536,2.575,1.777209,2772383
2011-10-26,2.57,2.619,2.561,2.57,1.7737580000000002,2803787
2011-10-27,2.625,2.695,2.6,2.688,1.8551990000000003,3517098
2011-10-28,2.686,2.69,2.61,2.634,1.8179299999999998,2930509
2011-10-31,2.6,2.668,2.592,2.661,1.8365639999999999,3147950
2011-11-01,2.608,2.667,2.5,2.501,1.7261360000000001,3858901
2011-11-02,2.548,2.717,2.535,2.697,1.8614110000000001,6270742
2011-11-03,2.617,2.74,2.61,2.692,1.8579599999999998,4506936
2011-11-04,2.72,2.73,2.59,2.623,1.810338,3277482
2011-11-07,2.605,2.675,2.57,2.642,1.823451,2676381
2011-11-08,2.67,2.677,2.582,2.591,1.788252,3966966
2011-11-09,2.65,2.65,2.465,2.475,1.708191,4011500
2011-11-10,2.433,2.548,2.42,2.449,1.690246,4134545
2011-11-11,2.449,2.648,2.449,2.621,1.808957,3221968
2011-11-14,2.644,2.65,2.542,2.571,1.7744490000000002,4544031
2011-11-15,2.534,2.595,2.472,2.537,1.750982,2942428
2011-11-16,2.509,2.62,2.509,2.62,1.8082669999999998,2806156
2011-11-17,2.588,2.699,2.55,2.699,1.862791,6750680
2011-11-18,2.615,2.679,2.585,2.59,1.787561,5377263
2011-11-21,2.583,2.598,2.47,2.47,1.7047400000000001,2564469
2011-11-22,2.521,2.521,2.398,2.398,1.6550479999999999,4183724
2011-11-23,2.396,2.437,2.353,2.359,1.6281299999999999,6211154
2011-11-24,2.391,2.4,2.322,2.331,1.608806,1697269
2011-11-25,2.34,2.369,2.301,2.347,1.6198489999999999,2189190
2011-11-28,2.4,2.453,2.383,2.413,1.6654,3144508
2011-11-29,2.396,2.44,2.378,2.406,1.660569,3947009
2011-11-30,2.36,2.49,2.351,2.482,1.713023,6927350
2011-12-01,2.494,2.505,2.419,2.426,1.674373,28623093
2011-12-02,2.494,2.52,2.453,2.499,1.7247560000000002,19010362
2011-12-05,2.53,2.583,2.517,2.541,1.753743,27215103
2011-12-06,2.58,2.613,2.543,2.567,1.7716880000000002,22175210
2011-12-07,2.574,2.615,2.517,2.54,1.753053,13224808
2011-12-08,2.555,2.579,2.461,2.461,1.6985290000000002,26412585
2011-12-09,2.43,2.54,2.427,2.514,1.735108,2733065
2011-12-12,2.528,2.54,2.4,2.4,1.6564279999999998,7682891
2011-12-13,2.412,2.447,2.366,2.39,1.6495259999999998,4798739
2011-12-14,2.324,2.4,2.274,2.282,1.622508,12723174
2011-12-15,2.307,2.433,2.278,2.383,1.694319,15908168
2011-12-16,2.4,2.44,2.348,2.404,1.70925,12489283
2011-12-19,2.388,2.45,2.385,2.45,1.741957,17411632
2011-12-20,2.434,2.535,2.431,2.532,1.800259,3282283
2011-12-21,2.55,2.568,2.434,2.434,1.73058,8353077
2011-12-22,2.492,2.499,2.445,2.471,1.756888,11499562
2011-12-23,2.5,2.51,2.474,2.494,1.7732400000000001,2620778
2011-12-27,2.481,2.53,2.459,2.487,1.7682630000000001,4512253
2011-12-28,2.512,2.525,2.443,2.458,1.747644,2249970
2011-12-29,2.48,2.489,2.438,2.463,1.7511990000000002,1225462
2011-12-30,2.489,2.49,2.438,2.455,1.745511,1074644
2012-01-02,2.468,2.501,2.455,2.499,1.7767959999999998,1573326
2012-01-03,2.526,2.53,2.478,2.519,1.791016,2723354
2012-01-04,2.529,2.548,2.492,2.523,1.7938599999999998,3277474
2012-01-05,2.53,2.537,2.446,2.469,1.755465,4020440
2012-01-06,2.479,2.52,2.476,2.491,1.7711080000000001,2058763
2012-01-09,2.481,2.51,2.446,2.46,1.749066,17053882
2012-01-10,2.5,2.541,2.492,2.541,1.806658,3896591
2012-01-11,2.546,2.588,2.523,2.565,1.823722,5692743
2012-01-12,2.565,2.61,2.552,2.561,1.8208779999999998,3257529
2012-01-13,2.565,2.6,2.5,2.539,1.805236,3339249
2012-01-16,2.512,2.553,2.5,2.535,1.8023919999999998,1981081
2012-01-17,2.568,2.568,2.48,2.489,1.769686,6235416
2012-01-18,2.5,2.501,2.411,2.413,1.7156490000000002,8322127
2012-01-19,2.42,2.486,2.42,2.473,1.7583090000000001,6687239
2012-01-20,2.49,2.49,2.45,2.47,1.756177,2331964
2012-01-23,2.463,2.532,2.453,2.532,1.800259,2799436
2012-01-24,2.5,2.538,2.498,2.535,1.8023919999999998,2264175
2012-01-25,2.538,2.55,2.501,2.545,1.809502,3181902
2012-01-26,2.55,2.585,2.525,2.566,1.8244330000000002,2549243
2012-01-27,2.574,2.588,2.54,2.57,1.827277,2242229
2012-01-30,2.537,2.565,2.511,2.524,1.794571,1229919
2012-01-31,2.533,2.558,2.512,2.54,1.8059470000000002,4495730
2012-02-01,2.56,2.6,2.536,2.585,1.8379419999999997,3609052
2012-02-02,2.6,2.605,2.558,2.59,1.8414970000000002,1918867
2012-02-03,2.57,2.626,2.57,2.622,1.8642490000000003,2019186
2012-02-06,2.61,2.64,2.584,2.598,1.8471849999999999,2386244
2012-02-07,2.586,2.627,2.54,2.574,1.8301209999999999,3293617
2012-02-08,2.58,2.597,2.545,2.565,1.823722,2748356
2012-02-09,2.58,2.641,2.56,2.641,1.8777580000000003,3496386
2012-02-10,2.617,2.647,2.565,2.574,1.8301209999999999,1798571
2012-02-13,2.6,2.607,2.572,2.595,1.8450520000000001,2474632
2012-02-14,2.58,2.603,2.569,2.58,1.834387,1675641
2012-02-15,2.59,2.593,2.54,2.54,1.8059470000000002,2623691
2012-02-16,2.559,2.559,2.481,2.51,1.784616,5569868
2012-02-17,2.517,2.556,2.494,2.537,1.803814,4453277
2012-02-20,2.55,2.588,2.54,2.57,1.827277,3049992
2012-02-21,2.559,2.575,2.513,2.541,1.806658,2694327
2012-02-22,2.547,2.558,2.522,2.525,1.7952810000000001,2343239
2012-02-23,2.53,2.552,2.494,2.509,1.7839060000000002,3355524
2012-02-24,2.517,2.547,2.497,2.541,1.806658,2542313
2012-02-27,2.54,2.574,2.521,2.572,1.828699,7390884
2012-02-28,2.564,2.614,2.56,2.606,1.852873,17176039
2012-02-29,2.609,2.637,2.576,2.581,1.835098,16371127
2012-03-01,2.572,2.608,2.559,2.588,1.840075,3186338
2012-03-02,2.594,2.615,2.57,2.586,1.8386529999999999,2914180
2012-03-05,2.578,2.604,2.552,2.559,1.8194560000000002,3348360
2012-03-06,2.559,2.559,2.466,2.47,1.756177,7949746
2012-03-07,2.49,2.49,2.434,2.455,1.745511,6670581
2012-03-08,2.462,2.5,2.453,2.49,1.7703970000000002,5474177
2012-03-09,2.502,2.525,2.47,2.484,1.76613,4911130
2012-03-12,2.49,2.491,2.446,2.469,1.755465,4193273
2012-03-13,2.48,2.496,2.456,2.496,1.774663,6796868
2012-03-14,2.5,2.57,2.5,2.541,1.806658,4718778
2012-03-15,2.53,2.558,2.529,2.558,1.818745,4595642
2012-03-16,2.563,2.576,2.52,2.56,1.8201669999999999,6565737
2012-03-19,2.553,2.6,2.551,2.583,1.8365200000000002,3619575
2012-03-20,2.58,2.594,2.55,2.58,1.834387,4940714
2012-03-21,2.584,2.599,2.567,2.587,1.839364,5075244
2012-03-22,2.595,2.596,2.515,2.527,1.796704,5628147
2012-03-23,2.521,2.554,2.493,2.521,1.7924369999999998,2436714
2012-03-26,2.529,2.533,2.501,2.524,1.794571,4650233
2012-03-27,2.54,2.54,2.473,2.477,1.761154,5475950
2012-03-28,2.472,2.495,2.415,2.429,1.727025,6042184
2012-03-29,2.43,2.442,2.354,2.374,1.687921,6423234
2012-03-30,2.4,2.435,2.38,2.414,1.7163599999999999,7494650
2012-04-02,2.414,2.442,2.362,2.442,1.736268,4441829
2012-04-03,2.44,2.486,2.425,2.429,1.727025,4315828
2012-04-04,2.414,2.429,2.363,2.366,1.682232,4661299
2012-04-05,2.371,2.397,2.34,2.382,1.6936080000000002,3735993
2012-04-10,2.355,2.367,2.301,2.308,1.6409939999999998,5010327
2012-04-11,2.311,2.379,2.306,2.372,1.686498,5430618
2012-04-12,2.391,2.391,2.314,2.363,1.6800990000000002,4308354
2012-04-13,2.345,2.377,2.262,2.263,1.608999,4933561
2012-04-16,2.25,2.28,2.215,2.215,1.574871,4512736
2012-04-17,2.236,2.32,2.22,2.311,1.643127,8191085
2012-04-18,2.31,2.335,2.224,2.224,1.5812700000000002,5784997
2012-04-19,2.257,2.293,2.174,2.18,1.549986,7866830
2012-04-20,2.198,2.232,2.15,2.201,1.5649170000000001,6964147
2012-04-23,2.178,2.178,2.101,2.132,1.515858,4806281
2012-04-24,2.159,2.188,2.12,2.147,1.5265229999999999,8576122
2012-04-25,2.149,2.239,2.149,2.212,1.572738,9948376
2012-04-26,2.205,2.221,2.157,2.164,1.53861,7620764
2012-04-27,2.15,2.214,2.091,2.212,1.572738,10147590
2012-04-30,2.241,2.25,2.175,2.183,1.552119,5838002
2012-05-02,2.215,2.217,2.102,2.159,1.5350549999999998,7401779
2012-05-03,2.214,2.214,2.141,2.147,1.5265229999999999,11850582
2012-05-04,2.154,2.177,2.108,2.112,1.501637,3876591
2012-05-07,2.1,2.152,2.082,2.134,1.51728,4288255
2012-05-08,2.14,2.158,2.059,2.072,1.4731969999999999,6898068
2012-05-09,2.059,2.071,1.852,1.942,1.380767,18395946
2012-05-10,1.939,2.068,1.938,2.039,1.449734,7347751
2012-05-11,2.01,2.05,1.987,2.002,1.423427,6000803
2012-05-14,1.992,1.992,1.953,1.969,1.399964,6718033
2012-05-15,1.992,2.0,1.918,1.935,1.37579,6285342
2012-05-16,1.9,1.919,1.851,1.861,1.3231760000000001,9604723
2012-05-17,1.882,1.882,1.805,1.811,1.287626,5812955
2012-05-18,1.8,1.872,1.781,1.856,1.319621,9156035
2012-05-21,1.85,1.867,1.821,1.835,1.30469,3472723
2012-05-22,1.842,1.889,1.829,1.882,1.338107,9898500
2012-05-23,1.882,1.893,1.812,1.816,1.291181,3140293
2012-05-24,1.85,1.85,1.798,1.802,1.2812270000000001,3884218
2012-05-25,1.806,1.838,1.774,1.793,1.274828,6310164
2012-05-28,1.815,1.824,1.745,1.748,1.242833,3331849
2012-05-29,1.756,1.76,1.692,1.71,1.215814,7609990
2012-05-30,1.7,1.702,1.62,1.62,1.151824,9880382
2012-05-31,1.609,1.635,1.548,1.566,1.11343,12561569
2012-06-01,1.573,1.607,1.525,1.543,1.097077,7872588
2012-06-04,1.523,1.599,1.523,1.581,1.124095,10167467
2012-06-05,1.583,1.605,1.554,1.562,1.110586,6536789
2012-06-06,1.56,1.606,1.56,1.583,1.125517,8648004
2012-06-07,1.6,1.624,1.582,1.601,1.138315,23774389
2012-06-08,1.6,1.61,1.561,1.606,1.1418700000000002,7708500
2012-06-11,1.69,1.75,1.65,1.655,1.176709,13374040
2012-06-12,1.651,1.663,1.592,1.615,1.148269,17383906
2012-06-13,1.616,1.638,1.6,1.633,1.161067,12395377
2012-06-14,1.64,1.646,1.594,1.617,1.149691,9764444
2012-06-15,1.625,1.67,1.624,1.663,1.182397,10863048
2012-06-18,1.7,1.707,1.621,1.647,1.1710209999999999,13342019
2012-06-19,1.65,1.656,1.586,1.592,1.131916,17669918
2012-06-20,1.602,1.648,1.59,1.635,1.16249,64906527
2012-06-21,1.635,1.685,1.623,1.659,1.179553,68279264
2012-06-22,1.637,1.697,1.62,1.69,1.201594,129684070
2012-06-25,1.69,1.691,1.571,1.582,1.124806,18214770
2012-06-26,1.55,1.611,1.523,1.538,1.0935219999999999,9534193
2012-06-27,1.533,1.545,1.512,1.537,1.092811,29659928
2012-06-28,1.52,1.558,1.512,1.523,1.082857,21159895
2012-06-29,1.515,1.605,1.515,1.603,1.2029239999999999,31519574
2012-07-02,1.595,1.609,1.584,1.602,1.202174,26298564
2012-07-03,1.615,1.639,1.605,1.618,1.214181,26373436
2012-07-04,1.62,1.639,1.614,1.631,1.2239360000000001,7404706
2012-07-05,1.63,1.689,1.61,1.639,1.22994,21061719
2012-07-06,1.62,1.647,1.561,1.568,1.1766590000000001,31967295
2012-07-09,1.578,1.588,1.526,1.547,1.160901,27764056
2012-07-10,1.58,1.598,1.551,1.582,1.187165,21524347
2012-07-11,1.58,1.607,1.563,1.57,1.178161,8975340
2012-07-12,1.572,1.588,1.505,1.518,1.139139,31810005
2012-07-13,1.524,1.538,1.5,1.534,1.151145,24015360
2012-07-16,1.529,1.54,1.491,1.51,1.133135,13883039
2012-07-17,1.504,1.539,1.496,1.514,1.1361370000000002,6518074
2012-07-18,1.529,1.529,1.496,1.522,1.14214,4119569
2012-07-19,1.545,1.563,1.5,1.557,1.168405,9518329
2012-07-20,1.56,1.578,1.486,1.509,1.132385,19518899
2012-07-23,1.49,1.499,1.409,1.472,1.104619,14833434
2012-07-24,1.476,1.485,1.35,1.35,1.013068,13832641
2012-07-25,1.34,1.352,1.286,1.323,0.992806,20005249
2012-07-26,1.366,1.51,1.325,1.51,1.133135,15834457
2012-07-27,1.524,1.535,1.445,1.53,1.148144,12398724
2012-07-30,1.55,1.599,1.509,1.521,1.14139,9920456
2012-07-31,1.535,1.54,1.47,1.483,1.112874,8949138
2012-08-01,1.495,1.511,1.455,1.49,1.118127,3394288
2012-08-02,1.498,1.546,1.413,1.429,1.072351,8314780
2012-08-03,1.42,1.534,1.41,1.53,1.148144,5599715
2012-08-06,1.53,1.685,1.52,1.655,1.241946,12710575
2012-08-07,1.674,1.799,1.63,1.799,1.350007,21135151
2012-08-08,1.805,1.815,1.728,1.765,1.324493,9080657
2012-08-09,1.77,1.849,1.756,1.825,1.369518,10821815
2012-08-10,1.798,1.84,1.768,1.8,1.350757,4931122
2012-08-13,1.801,1.835,1.786,1.802,1.352258,3860392
2012-08-14,1.81,1.84,1.807,1.83,1.37327,10061724
2012-08-15,1.832,1.839,1.8,1.812,1.3597620000000001,5854578
2012-08-16,1.829,1.99,1.792,1.989,1.492586,6512810
2012-08-17,2.0,2.07,1.989,2.019,1.515099,8178572
2012-08-20,2.04,2.15,2.02,2.033,1.5256049999999999,6891924
2012-08-21,2.054,2.116,1.96,1.992,1.494838,6525337
2012-08-22,1.985,2.031,1.932,1.956,1.4678229999999999,7556743
2012-08-23,1.991,2.03,1.907,1.916,1.437806,6028283
2012-08-24,1.92,1.939,1.868,1.907,1.431052,4224451
2012-08-27,1.924,1.982,1.902,1.97,1.478329,5617675
2012-08-28,1.979,1.979,1.915,1.92,1.440808,3763842
2012-08-29,1.931,1.931,1.872,1.922,1.442309,2300581
2012-08-30,1.926,1.934,1.88,1.882,1.412292,3272712
2012-08-31,1.893,1.96,1.88,1.93,1.448312,5560356
2012-09-03,1.93,1.96,1.901,1.923,1.443059,2761868
2012-09-04,1.94,2.03,1.93,1.986,1.490335,6902954
2012-09-05,1.976,2.0,1.941,1.975,1.482081,3754075
2012-09-06,1.993,2.237,1.99,2.18,1.635917,15143880
2012-09-07,2.2,2.288,2.12,2.16,1.620909,10605129
2012-09-10,2.16,2.218,2.143,2.192,1.6449220000000002,4252000
2012-09-11,2.181,2.24,2.122,2.24,1.680942,5044131
2012-09-12,2.26,2.338,2.25,2.325,1.7447279999999998,10587817
2012-09-13,2.318,2.319,2.242,2.246,1.685444,6474390
2012-09-14,2.338,2.342,2.25,2.25,1.688447,4760134
2012-09-17,2.234,2.235,2.162,2.198,1.6494240000000002,7432708
2012-09-18,2.199,2.199,2.132,2.148,1.611904,5021640
2012-09-19,2.158,2.177,2.091,2.108,1.581887,6931747
2012-09-20,2.1,2.138,2.07,2.081,1.561625,2906779
2012-09-21,2.11,2.188,2.092,2.152,1.614905,8542180
2012-09-24,2.16,2.209,2.16,2.203,1.6531770000000001,7986077
2012-09-25,2.21,2.215,2.176,2.186,1.64042,2584128
2012-09-26,2.157,2.188,2.035,2.078,1.559374,10117103
2012-09-27,2.098,2.168,2.097,2.131,1.599146,3188492
2012-09-28,2.157,2.165,2.094,2.132,1.599897,3643217
2012-10-01,2.14,2.22,2.101,2.202,1.652426,8193364
2012-10-02,2.191,2.221,2.18,2.213,1.660681,3549772
2012-10-03,2.215,2.22,2.166,2.177,1.633666,2675990
2012-10-04,2.192,2.21,2.12,2.13,1.598396,3250353
2012-10-05,2.15,2.164,2.131,2.162,1.622409,2676911
2012-10-08,2.145,2.16,2.125,2.141,1.606651,1853918
2012-10-09,2.141,2.141,2.081,2.087,1.566128,3030203
2012-10-10,2.072,2.075,1.991,2.024,1.518851,4530888
2012-10-11,2.02,2.094,1.992,2.074,1.5563719999999999,6293027
2012-10-12,2.079,2.096,2.044,2.044,1.53386,2810816
2012-10-15,2.06,2.073,2.014,2.02,1.51585,3724165
2012-10-16,2.055,2.225,2.042,2.225,1.669686,9264557
2012-10-17,2.25,2.255,2.177,2.246,1.685444,6747563
2012-10-18,2.25,2.255,2.162,2.186,1.64042,6365029
2012-10-19,2.17,2.2,2.153,2.173,1.630664,3305099
2012-10-22,2.18,2.186,2.154,2.174,1.631415,1177248
2012-10-23,2.181,2.184,2.095,2.096,1.572882,3613563
2012-10-24,2.11,2.15,2.082,2.133,1.600647,4328194
2012-10-25,2.148,2.169,2.133,2.165,1.6246610000000001,2372073
2012-10-26,2.146,2.146,2.09,2.118,1.589391,24494941
2012-10-29,2.125,2.14,2.08,2.101,1.576634,8036124
2012-10-30,2.127,2.148,2.109,2.124,1.593893,1315149
2012-10-31,2.129,2.16,2.129,2.138,1.6044,26374116
2012-11-01,2.136,2.147,2.117,2.127,1.5961450000000001,771486
2012-11-02,2.148,2.148,2.116,2.117,1.588641,2196023
2012-11-05,2.1,2.112,2.061,2.085,1.564627,2793071
2012-11-06,2.089,2.099,2.041,2.047,1.536111,6109854
2012-11-07,2.07,2.086,2.013,2.032,1.5248549999999998,5776903
2012-11-08,2.076,2.108,2.041,2.082,1.562376,4551596
2012-11-09,2.087,2.092,2.012,2.043,1.533109,4255232
2012-11-12,2.039,2.056,2.009,2.009,1.507595,1893806
2012-11-13,2.0,2.04,1.962,2.011,1.509096,3390387
2012-11-14,2.022,2.026,1.985,2.011,1.509096,2597451
2012-11-15,1.987,2.016,1.981,2.005,1.504593,2572913
2012-11-16,2.015,2.017,1.962,1.992,1.494838,3419470
2012-11-19,2.005,2.105,1.991,2.099,1.575133,4381747
2012-11-20,2.087,2.09,2.058,2.081,1.561625,2181565
2012-11-21,2.07,2.174,2.068,2.174,1.631415,4497813
2012-11-22,2.173,2.174,2.141,2.16,1.620909,1742791
2012-11-23,2.17,2.236,2.164,2.23,1.6734380000000002,4884619
2012-11-26,2.23,2.238,2.198,2.21,1.6584299999999998,3829733
2012-11-27,2.24,2.244,2.176,2.185,1.6396689999999998,2885546
2012-11-28,2.193,2.2,2.099,2.104,1.578885,9238586
2012-11-29,2.124,2.22,2.113,2.183,1.638168,4073628
2012-11-30,2.197,2.198,2.161,2.162,1.622409,3240979
2012-12-03,2.18,2.196,2.138,2.149,1.612654,26840435
2012-12-04,2.138,2.184,2.131,2.153,1.615656,46014305
2012-12-05,2.159,2.18,2.122,2.15,1.613405,31618853
2012-12-06,2.153,2.166,2.12,2.122,1.592393,72069489
2012-12-07,2.12,2.14,2.1,2.132,1.599897,1612478
2012-12-10,2.115,2.144,2.08,2.144,1.608902,4650553
2012-12-11,2.148,2.159,2.12,2.148,1.611904,2416793
2012-12-12,2.111,2.247,2.111,2.247,1.7181919999999997,102867314
2012-12-13,2.25,2.318,2.239,2.3,1.758718,12392294
2012-12-14,2.3,2.304,2.26,2.269,1.7350139999999998,3688011
2012-12-17,2.27,2.276,2.236,2.25,1.720486,32699409
2012-12-18,2.26,2.325,2.241,2.308,1.764836,35268325
2012-12-19,2.32,2.47,2.312,2.402,1.836714,9411945
2012-12-20,2.4,2.454,2.373,2.373,1.8145380000000002,26285621
2012-12-21,2.368,2.438,2.35,2.431,1.858889,7625722
2012-12-24,2.402,2.428,2.392,2.395,1.831361,1452225
2012-12-27,2.39,2.43,2.361,2.394,1.830596,4312683
2012-12-28,2.382,2.398,2.327,2.38,1.819891,2871397
2012-12-31,2.398,2.408,2.302,2.315,1.770188,1638472
2013-01-02,2.37,2.52,2.36,2.499,1.910885,5775642
2013-01-03,2.488,2.529,2.474,2.484,1.899416,3254152
2013-01-04,2.488,2.52,2.43,2.487,1.9017099999999998,5825369
2013-01-07,2.477,2.552,2.477,2.515,1.9231200000000002,7993875
2013-01-08,2.498,2.521,2.482,2.502,1.9131799999999999,4719026
2013-01-09,2.509,2.515,2.46,2.489,1.903239,4191159
2013-01-10,2.495,2.581,2.466,2.561,1.9582950000000001,5177570
2013-01-11,2.587,2.588,2.534,2.553,1.952177,3539532
2013-01-14,2.565,2.57,2.506,2.52,1.926943,4660016
2013-01-15,2.52,2.52,2.443,2.482,1.8978869999999999,3228579
2013-01-16,2.466,2.473,2.389,2.406,1.8397720000000002,7009541
2013-01-17,2.405,2.429,2.385,2.413,1.845125,4992385
2013-01-18,2.43,2.438,2.381,2.39,1.827538,6570190
2013-01-21,2.406,2.408,2.371,2.386,1.8244790000000002,3947933
2013-01-22,2.389,2.392,2.322,2.362,1.806127,5940335
2013-01-23,2.353,2.363,2.301,2.322,1.775541,10507781
2013-01-24,2.309,2.39,2.306,2.37,1.812244,7445685
2013-01-25,2.36,2.387,2.323,2.34,1.789305,11550228
2013-01-28,2.351,2.36,2.326,2.326,1.7785990000000003,4760004
2013-01-29,2.327,2.34,2.301,2.321,1.774776,6320492
2013-01-30,2.332,2.348,2.305,2.32,1.774011,5021577
2013-01-31,2.325,2.325,2.223,2.271,1.736543,9283246
2013-02-01,2.253,2.292,2.22,2.29,1.7510720000000002,15962332
2013-02-04,2.296,2.297,2.158,2.158,1.650137,11223201
2013-02-05,2.155,2.24,2.14,2.223,1.6998389999999999,6727844
2013-02-06,2.243,2.244,2.101,2.135,1.63255,13625000
2013-02-07,2.144,2.26,2.125,2.195,1.6784290000000002,11919627
2013-02-08,2.198,2.246,2.17,2.214,1.692957,5398420
2013-02-11,2.212,2.23,2.18,2.203,1.6845459999999999,4224475
2013-02-12,2.195,2.283,2.176,2.276,1.740366,13973501
2013-02-13,2.29,2.398,2.255,2.394,1.830596,14187603
2013-02-14,2.38,2.415,2.32,2.4,1.8351849999999998,9799692
2013-02-15,2.396,2.396,2.348,2.355,1.800775,9095891
2013-02-18,2.35,2.366,2.301,2.346,1.7938919999999998,3226970
2013-02-19,2.34,2.439,2.34,2.426,1.8550659999999999,8904187
2013-02-20,2.42,2.456,2.4,2.435,1.861948,7092456
2013-02-21,2.43,2.439,2.392,2.434,1.8611830000000003,8465014
2013-02-22,2.444,2.492,2.433,2.492,1.9055330000000001,6626355
2013-02-25,2.499,2.62,2.49,2.526,1.931531,10042535
2013-02-26,2.411,2.459,2.356,2.417,1.848184,11951284
2013-02-27,2.421,2.456,2.396,2.454,1.8764759999999998,6483727
2013-02-28,2.461,2.511,2.429,2.493,1.906298,7371301
2013-03-01,2.505,2.505,2.413,2.442,1.8673,5593466
2013-03-04,2.413,2.464,2.413,2.462,1.882593,4307793
2013-03-05,2.48,2.529,2.48,2.529,1.933825,3832693
2013-03-06,2.542,2.57,2.529,2.553,1.952177,4552967
2013-03-07,2.561,2.599,2.554,2.578,1.9712939999999999,6508492
2013-03-08,2.59,2.632,2.565,2.611,1.9965279999999999,9977345
2013-03-11,2.605,2.614,2.56,2.605,1.991939,3529422
2013-03-12,2.605,2.637,2.562,2.581,1.9735880000000001,5491494
2013-03-13,2.586,2.666,2.565,2.666,2.038584,7924367
2013-03-14,2.67,2.75,2.66,2.742,2.096698,12038542
2013-03-15,2.733,2.74,2.645,2.67,2.041643,9157119
2013-03-18,2.6,2.631,2.576,2.605,1.991939,10480714
2013-03-19,2.6,2.605,2.527,2.544,1.945295,7068105
2013-03-20,2.553,2.617,2.511,2.574,1.968235,6983141
2013-03-21,2.573,2.611,2.546,2.575,1.969,4785800
2013-03-22,2.558,2.61,2.535,2.583,1.9751169999999998,5974511
2013-03-25,2.627,2.63,2.463,2.494,1.9070619999999998,5706553
2013-03-26,2.49,2.515,2.454,2.495,1.907827,3823568
2013-03-27,2.499,2.499,2.401,2.431,1.858889,4721335
2013-03-28,2.41,2.464,2.387,2.411,1.843596,3651251
2013-04-02,2.41,2.469,2.377,2.465,1.884887,4731323
2013-04-03,2.456,2.477,2.385,2.4,1.8351849999999998,5335658
2013-04-04,2.414,2.452,2.366,2.378,1.8183619999999998,3189008
2013-04-05,2.38,2.429,2.344,2.366,1.809186,3919991
2013-04-08,2.369,2.4,2.3,2.327,1.779364,5155576
2013-04-09,2.346,2.42,2.337,2.413,1.845125,5167350
2013-04-10,2.431,2.562,2.429,2.547,1.9475900000000002,6284155
2013-04-11,2.547,2.585,2.509,2.567,1.9628830000000002,5416272
2013-04-12,2.559,2.643,2.542,2.637,2.016409,10592808
2013-04-15,2.635,2.66,2.577,2.625,2.0072330000000003,5736079
2013-04-16,2.605,2.617,2.583,2.593,1.982764,2595535
2013-04-17,2.603,2.608,2.48,2.517,1.92465,9067145
2013-04-18,2.536,2.629,2.534,2.588,1.9789400000000001,5636538
2013-04-19,2.602,2.63,2.571,2.593,1.982764,3753933
2013-04-22,2.606,2.695,2.606,2.662,2.035525,11453596
2013-04-23,2.651,2.762,2.642,2.737,2.092875,4598404
2013-04-24,2.739,2.763,2.68,2.739,2.094404,4887821
2013-04-25,2.735,2.75,2.668,2.729,2.086758,4203112
2013-04-26,2.721,2.753,2.689,2.736,2.09211,3784643
2013-04-29,2.737,2.793,2.731,2.789,2.132637,3951639
2013-04-30,2.781,2.823,2.76,2.785,2.129579,5089179
2013-05-02,2.763,2.84,2.745,2.829,2.163224,4859933
2013-05-03,2.772,2.842,2.771,2.832,2.165518,4349940
2013-05-06,2.82,2.839,2.794,2.828,2.162459,3622858
2013-05-07,2.84,2.848,2.772,2.801,2.141813,8186606
2013-05-08,2.808,2.858,2.783,2.857,2.184634,5759784
2013-05-09,2.863,2.943,2.855,2.928,2.238925,3908984
2013-05-10,2.941,2.942,2.822,2.838,2.170106,5586901
2013-05-13,2.823,2.838,2.713,2.743,2.0974630000000003,6840820
2013-05-14,2.757,2.828,2.725,2.808,2.147166,4647034
2013-05-15,2.819,2.88,2.788,2.855,2.183105,3459592
2013-05-16,2.841,2.85,2.8,2.808,2.147166,10035314
2013-05-17,2.786,2.8,2.761,2.784,2.1288139999999998,4154975
2013-05-20,2.763,2.803,2.728,2.766,2.11505,2067994
2013-05-21,2.759,2.772,2.722,2.75,2.102815,5237945
2013-05-22,2.78,2.839,2.755,2.838,2.170106,5601694
2013-05-23,2.74,2.796,2.731,2.752,2.104345,3591716
2013-05-24,2.77,2.781,2.68,2.704,2.067641,3382988
2013-05-27,2.71,2.767,2.71,2.751,2.10358,1447410
2013-05-28,2.765,2.838,2.758,2.787,2.1311080000000002,3609074
2013-05-29,2.77,2.805,2.757,2.799,2.140284,3108747
2013-05-30,2.785,2.895,2.785,2.852,2.1808110000000003,4658676
2013-05-31,2.845,2.855,2.789,2.789,2.132637,4132491
2013-06-03,2.775,2.814,2.74,2.779,2.124991,3226046
2013-06-04,2.795,2.835,2.784,2.826,2.160929,6879366
2013-06-05,2.789,2.838,2.777,2.787,2.1311080000000002,3394193
2013-06-06,2.774,2.838,2.737,2.741,2.095934,4096041
2013-06-07,2.764,2.818,2.731,2.799,2.140284,3894745
2013-06-10,2.805,2.837,2.762,2.78,2.125755,3012885
2013-06-11,2.77,2.775,2.613,2.669,2.0408779999999997,7206229
2013-06-12,2.664,2.758,2.663,2.698,2.063053,5765546
2013-06-13,2.658,2.704,2.62,2.687,2.054642,3365559
2013-06-14,2.704,2.721,2.675,2.687,2.054642,3143694
2013-06-17,2.713,2.77,2.682,2.74,2.095169,2341806
2013-06-18,2.739,2.796,2.724,2.769,2.1173439999999997,2300553
2013-06-19,2.76,2.795,2.732,2.772,2.119638,3903441
2013-06-20,2.716,2.75,2.636,2.652,2.027879,10091567
2013-06-21,2.68,2.68,2.513,2.513,1.921591,23912863
2013-06-24,2.513,2.562,2.429,2.474,1.8917689999999998,18738654
2013-06-25,2.477,2.567,2.465,2.528,1.9330610000000001,5639577
2013-06-26,2.534,2.618,2.519,2.598,1.9865869999999999,4099643
2013-06-27,2.615,2.635,2.541,2.588,1.9789400000000001,4737770
2013-06-28,2.549,2.593,2.485,2.502,1.966366,18492495
2013-07-01,2.536,2.649,2.528,2.629,2.066177,11279686
2013-07-02,2.63,2.675,2.593,2.605,2.047315,6412998
2013-07-03,2.575,2.587,2.512,2.573,2.022166,6309986
2013-07-04,2.589,2.664,2.576,2.623,2.0614619999999997,5549590
2013-07-05,2.63,2.696,2.607,2.655,2.086611,9453563
2013-07-08,2.665,2.736,2.66,2.709,2.129051,14819971
2013-07-09,2.712,2.746,2.695,2.718,2.136124,5556250
2013-07-10,2.703,2.737,2.671,2.737,2.151056,3310689
2013-07-11,2.758,2.768,2.707,2.721,2.1384819999999998,4160090
2013-07-12,2.722,2.743,2.657,2.693,2.116476,3390647
2013-07-15,2.699,2.741,2.672,2.708,2.1282650000000003,2228919
2013-07-16,2.707,2.72,2.663,2.675,2.102329,4014388
2013-07-17,2.674,2.685,2.605,2.649,2.081896,4655098
2013-07-18,2.648,2.709,2.643,2.708,2.1282650000000003,3082162
2013-07-19,2.702,2.717,2.665,2.673,2.1007580000000003,5149675
2013-07-22,2.674,2.72,2.668,2.687,2.111761,4149654
2013-07-23,2.695,2.726,2.651,2.657,2.0881830000000003,7065598
2013-07-24,2.675,2.725,2.66,2.716,2.1345520000000002,16226416
2013-07-25,2.715,2.752,2.679,2.693,2.116476,5596900
2013-07-26,2.7,2.728,2.672,2.686,2.110975,8223294
2013-07-29,2.687,2.71,2.675,2.691,2.114904,4531047
2013-07-30,2.698,2.74,2.692,2.73,2.145555,7103432
2013-07-31,2.732,2.766,2.715,2.75,2.161273,6985085
2013-08-01,2.76,2.859,2.76,2.847,2.237507,11559419
2013-08-02,2.855,2.879,2.805,2.87,2.255583,6224174
2013-08-05,2.87,2.895,2.842,2.849,2.2390790000000003,4888039
2013-08-06,2.848,2.864,2.802,2.828,2.222575,3220515
2013-08-07,2.827,2.869,2.785,2.857,2.245366,2716134
2013-08-08,2.858,2.9,2.847,2.897,2.2768029999999997,3710419
2013-08-09,2.9,2.91,2.876,2.886,2.268158,2874029
2013-08-12,2.885,2.9,2.86,2.879,2.262657,3088251
2013-08-13,2.894,2.901,2.844,2.854,2.243009,3319817
2013-08-14,2.854,2.875,2.832,2.875,2.259513,3276760
2013-08-15,2.874,2.875,2.801,2.836,2.228862,2755879
2013-08-16,2.835,2.854,2.81,2.854,2.243009,4065382
2013-08-19,2.853,2.858,2.803,2.82,2.216288,1526870
2013-08-20,2.814,2.814,2.737,2.751,2.162059,3087987
2013-08-21,2.75,2.758,2.685,2.711,2.130623,3430810
2013-08-22,2.721,2.803,2.721,2.785,2.188781,3317543
2013-08-23,2.786,2.804,2.755,2.784,2.1879939999999998,2460318
2013-08-26,2.775,2.78,2.722,2.741,2.1542,1590868
2013-08-27,2.714,2.727,2.623,2.629,2.066177,4352660
2013-08-28,2.628,2.636,2.555,2.607,2.0488869999999997,6222478
2013-08-29,2.61,2.642,2.572,2.642,2.076394,3697180
2013-08-30,2.641,2.641,2.549,2.549,2.003304,5304428
2013-09-02,2.59,2.625,2.584,2.608,2.049673,5430873
2013-09-03,2.625,2.645,2.58,2.614,2.054389,4640179
2013-09-04,2.616,2.629,2.58,2.626,2.063819,4050132
2013-09-05,2.637,2.668,2.612,2.657,2.0881830000000003,3826074
2013-09-06,2.656,2.695,2.633,2.681,2.1070450000000003,5240349
2013-09-09,2.68,2.687,2.657,2.678,2.1046869999999998,3039848
2013-09-10,2.7,2.755,2.684,2.745,2.1573439999999997,6081368
2013-09-11,2.73,2.797,2.727,2.785,2.188781,5701307
2013-09-12,2.771,2.804,2.755,2.792,2.194282,4002818
2013-09-13,2.782,2.8,2.755,2.77,2.176992,3274200
2013-09-16,2.798,2.815,2.773,2.794,2.195853,3380608
2013-09-17,2.8,2.8,2.757,2.788,2.191138,3351382
2013-09-18,2.8,2.814,2.776,2.807,2.206071,4485757
2013-09-19,2.82,2.826,2.724,2.737,2.151056,8583987
2013-09-20,2.737,2.769,2.73,2.76,2.169133,5926808
2013-09-23,2.76,2.772,2.712,2.727,2.1431970000000002,3120088
2013-09-24,2.727,2.778,2.721,2.755,2.165203,3888421
2013-09-25,2.742,2.78,2.732,2.753,2.163631,3908179
2013-09-26,2.683,2.717,2.647,2.668,2.096828,438870555
2013-09-27,2.678,2.683,2.635,2.647,2.080324,34195186
2013-09-30,2.613,2.646,2.558,2.646,2.079538,31768489
2013-10-01,2.653,2.692,2.648,2.686,2.110975,26035175
2013-10-02,2.685,2.694,2.666,2.68,2.106259,37921025
2013-10-03,2.694,2.702,2.673,2.684,2.109403,9551906
2013-10-04,2.687,2.726,2.682,2.726,2.1424119999999998,36481837
2013-10-07,2.712,2.722,2.685,2.69,2.114119,8658953
2013-10-08,2.69,2.7,2.643,2.644,2.077966,9363281
2013-10-09,2.64,2.676,2.624,2.66,2.090541,6637877
2013-10-10,2.67,2.735,2.668,2.722,2.139268,17447965
2013-10-11,2.742,2.801,2.731,2.757,2.166775,10363423
2013-10-14,2.748,2.769,2.74,2.758,2.167561,7659467
2013-10-15,2.78,2.793,2.752,2.785,2.188781,7734198
2013-10-16,2.775,2.85,2.76,2.845,2.235936,11356508
2013-10-17,2.827,2.897,2.812,2.889,2.270516,10418357
2013-10-18,2.917,2.975,2.915,2.962,2.327888,14413632
2013-10-21,2.971,3.02,2.946,2.994,2.353037,14196227
2013-10-22,2.995,3.011,2.965,2.97,2.334175,8336915
2013-10-23,2.95,2.954,2.876,2.906,2.283876,13583691
2013-10-24,2.914,2.945,2.894,2.942,2.31217,8793533
2013-10-25,2.94,2.967,2.92,2.94,2.310598,8010716
2013-10-28,2.947,2.964,2.865,2.893,2.273659,4277048
2013-10-29,2.882,2.937,2.86,2.934,2.305882,8336992
2013-10-30,2.93,2.969,2.86,2.885,2.267372,8750273
2013-10-31,2.87,2.966,2.868,2.964,2.329459,9313337
2013-11-01,2.982,2.982,2.92,2.938,2.309026,4523342
2013-11-04,2.96,2.961,2.928,2.935,2.306668,5027954
2013-11-05,2.933,2.935,2.866,2.905,2.283091,6672154
2013-11-06,2.918,2.978,2.918,2.963,2.3286740000000004,5671117
2013-11-07,2.971,3.05,2.943,2.965,2.330245,11814043
2013-11-08,2.95,2.99,2.922,2.989,2.349108,11089107
2013-11-11,3.006,3.039,2.974,3.016,2.370327,4877129
2013-11-12,3.028,3.066,3.01,3.018,2.371899,8550536
2013-11-13,3.0,3.025,2.97,3.0,2.3577529999999998,8473044
2013-11-14,2.983,3.0,2.885,2.9,2.279161,13562076
2013-11-15,2.9,2.927,2.88,2.919,2.294093,5486809
2013-11-18,2.918,2.944,2.9,2.914,2.290164,5140446
2013-11-19,2.901,2.931,2.886,2.91,2.28702,6274091
2013-11-20,2.899,2.909,2.87,2.88,2.263443,6996816
2013-11-21,2.86,2.9,2.82,2.893,2.273659,6761907
2013-11-22,2.894,2.935,2.881,2.902,2.280733,6767429
2013-11-25,2.911,2.935,2.881,2.934,2.305882,9764373
2013-11-26,2.929,2.945,2.88,2.884,2.266586,24256951
2013-11-27,2.899,2.945,2.882,2.93,2.302739,5383682
2013-11-28,2.924,2.97,2.924,2.952,2.320029,4880865
2013-11-29,2.963,2.97,2.92,2.923,2.297237,9230957
2013-12-02,2.931,2.942,2.89,2.939,2.309812,6655065
2013-12-03,2.98,3.007,2.88,2.881,2.2642290000000003,18172955
2013-12-04,2.88,2.902,2.823,2.836,2.228862,11669614
2013-12-05,2.835,2.884,2.808,2.821,2.217074,8131714
2013-12-06,2.825,2.844,2.78,2.837,2.229648,10314778
2013-12-09,2.841,2.854,2.813,2.83,2.2241470000000003,17311776
2013-12-10,2.834,2.882,2.826,2.826,2.221003,19213579
2013-12-11,2.833,2.861,2.82,2.822,2.21786,11421462
2013-12-12,2.82,2.832,2.772,2.79,2.19271,5563872
2013-12-13,2.793,2.859,2.789,2.821,2.217074,42881667
2013-12-16,2.825,2.902,2.825,2.897,2.2768029999999997,58031609
2013-12-17,2.899,2.908,2.869,2.877,2.261085,6746920
2013-12-18,2.895,2.899,2.861,2.87,2.255583,10176004
2013-12-19,2.908,2.979,2.891,2.979,2.3412490000000004,11303042
2013-12-20,2.939,3.006,2.935,3.006,2.402797,128929503
2013-12-23,3.0,3.066,3.0,3.066,2.450757,17381818
2013-12-24,3.07,3.118,3.068,3.108,2.4843290000000002,2331194
2013-12-27,3.117,3.137,3.09,3.136,2.506711,6275899
2013-12-30,3.136,3.166,3.12,3.132,2.5035130000000003,4325614
2013-12-31,3.136,3.145,2.98,3.113,2.488326,2256274
2014-01-02,3.125,3.135,3.021,3.026,2.418784,10365913
2014-01-03,3.024,3.075,3.01,3.064,2.449158,4892935
2014-01-06,3.05,3.089,3.037,3.082,2.463546,4405263
2014-01-07,3.106,3.25,3.086,3.24,2.589841,21289846
2014-01-08,3.24,3.39,3.233,3.374,2.696952,33391757
2014-01-09,3.368,3.439,3.34,3.408,2.724129,16222687
2014-01-10,3.435,3.44,3.384,3.409,2.724929,9010085
2014-01-13,3.436,3.45,3.401,3.416,2.730524,9145955
2014-01-14,3.38,3.391,3.355,3.384,2.704945,8032642
2014-01-15,3.34,3.45,3.321,3.44,2.749708,11646290
2014-01-16,3.449,3.46,3.418,3.447,2.755303,20127677
2014-01-17,3.45,3.463,3.387,3.457,2.763297,9499488
2014-01-20,3.441,3.455,3.423,3.446,2.7545040000000003,7002618
2014-01-21,3.45,3.459,3.358,3.365,2.6897580000000003,6888453
2014-01-22,3.375,3.387,3.224,3.319,2.652988,13384768
2014-01-23,3.326,3.379,3.291,3.296,2.634604,5754774
2014-01-24,3.291,3.301,3.095,3.1,2.477934,24127951
2014-01-27,3.097,3.114,3.05,3.074,2.4571509999999996,10810523
2014-01-28,3.096,3.138,3.075,3.107,2.48353,13005381
2014-01-29,3.153,3.184,3.06,3.133,2.504312,9455756
2014-01-30,3.126,3.145,3.089,3.135,2.505911,7472223
2014-01-31,3.142,3.145,3.021,3.063,2.448359,9888140
2014-02-03,3.063,3.088,3.015,3.019,2.413188,5394098
2014-02-04,3.005,3.09,3.0,3.065,2.449958,12572358
2014-02-05,3.064,3.093,3.02,3.048,2.43637,6602707
2014-02-06,3.069,3.105,3.04,3.089,2.4691419999999997,8695693
2014-02-07,3.1,3.139,3.083,3.122,2.49552,7836344
2014-02-10,3.145,3.158,3.122,3.134,2.505112,7343846
2014-02-11,3.16,3.19,3.028,3.054,2.4411650000000003,17045529
2014-02-12,3.1,3.105,3.04,3.045,2.433971,13305491
2014-02-13,3.052,3.053,3.015,3.035,2.4259779999999997,9667245
2014-02-14,3.043,3.088,3.02,3.069,2.4531549999999998,8583459
2014-02-17,3.084,3.095,3.041,3.043,2.432373,6085468
2014-02-18,3.05,3.057,2.961,2.973,2.376419,18340587
2014-02-19,2.969,2.98,2.901,2.963,2.368426,14251086
2014-02-20,2.933,2.95,2.909,2.922,2.3356529999999998,13762288
2014-02-21,2.97,3.055,2.97,3.01,2.4059939999999997,14970976
2014-02-24,3.016,3.049,3.01,3.046,2.43477,9453153
2014-02-25,3.041,3.048,3.02,3.047,2.4355700000000002,9938065
2014-02-26,3.046,3.048,3.005,3.024,2.417185,6203917
2014-02-27,3.016,3.022,2.963,2.99,2.3900080000000004,6925210
2014-02-28,2.997,3.017,2.968,3.0,2.398001,10453991
2014-03-03,2.947,2.97,2.91,2.943,2.352439,9137483
2014-03-04,2.986,3.0,2.95,2.966,2.3708240000000003,10233626
2014-03-05,2.966,3.0,2.956,2.981,2.3828139999999998,12526307
2014-03-06,2.998,3.039,2.99,3.021,2.414787,12907110
2014-03-07,3.03,3.043,2.952,2.956,2.3628310000000003,8222829
2014-03-10,2.957,3.0,2.935,2.965,2.3700240000000004,11023801
2014-03-11,2.98,2.996,2.955,2.968,2.3724220000000003,5810849
2014-03-12,2.956,2.975,2.92,2.965,2.3700240000000004,6226041
2014-03-13,2.97,2.975,2.907,2.912,2.32766,7494916
2014-03-14,2.89,2.894,2.84,2.879,2.301282,11082377
2014-03-17,2.878,2.95,2.866,2.94,2.350041,6525649
2014-03-18,2.935,2.992,2.9,2.972,2.37562,10033252
2014-03-19,2.971,2.972,2.935,2.96,2.366028,5708975
2014-03-20,2.942,2.97,2.929,2.944,2.353238,5558541
2014-03-21,2.941,2.974,2.932,2.94,2.350041,5262474
2014-03-24,2.948,2.96,2.905,2.935,2.346045,5631521
2014-03-25,2.94,2.99,2.939,2.989,2.389209,5615918
2014-03-26,3.0,3.066,2.996,3.043,2.432373,13128829
2014-03-27,3.027,3.082,3.013,3.047,2.4355700000000002,59771361
2014-03-28,3.06,3.115,3.049,3.098,2.476336,10972164
2014-03-31,3.117,3.14,3.045,3.06,2.445961,15475564
2014-04-01,3.075,3.114,3.071,3.104,2.481132,13909357
2014-04-02,3.117,3.125,3.064,3.089,2.4691419999999997,13061217
2014-04-03,3.099,3.12,3.084,3.109,2.485129,8462481
2014-04-04,3.118,3.137,3.096,3.137,2.50751,11539999
2014-04-07,3.11,3.115,3.081,3.084,2.465145,7219088
2014-04-08,3.09,3.09,3.011,3.037,2.427577,8167988
2014-04-09,3.045,3.064,3.005,3.021,2.414787,7090416
2014-04-10,3.035,3.05,3.001,3.023,2.416386,6884831
2014-04-11,3.005,3.025,2.946,2.972,2.37562,8492967
2014-04-14,2.965,2.979,2.91,2.97,2.374021,5844626
2014-04-15,2.97,2.985,2.92,2.929,2.3412479999999998,5410024
2014-04-16,2.964,2.988,2.946,2.988,2.3884090000000002,4227471
2014-04-17,3.0,3.0,2.96,2.987,2.38761,5516697
2014-04-22,3.0,3.08,2.99,3.074,2.4571509999999996,8542248
2014-04-23,3.08,3.098,3.055,3.069,2.4531549999999998,8114404
2014-04-24,3.085,3.098,3.026,3.07,2.453954,7148058
2014-04-25,3.05,3.074,3.026,3.035,2.4259779999999997,4338347
2014-04-28,3.032,3.064,3.01,3.033,2.424379,3934130
2014-04-29,3.045,3.078,3.04,3.065,2.449958,6281320
2014-04-30,3.035,3.06,3.014,3.035,2.4259779999999997,13257865
2014-05-02,3.016,3.05,3.016,3.041,2.430773,7691382
2014-05-05,3.04,3.044,2.973,3.015,2.409992,4882452
2014-05-06,3.02,3.069,3.0,3.009,2.405195,10398923
2014-05-07,2.997,3.025,2.971,2.988,2.3884090000000002,6810922
2014-05-08,3.0,3.031,2.974,3.021,2.414787,10780582
2014-05-09,3.021,3.03,2.988,3.008,2.4043959999999998,5369594
2014-05-12,3.024,3.03,3.008,3.021,2.414787,7809930
2014-05-13,3.038,3.063,3.029,3.038,2.4283759999999996,11268256
2014-05-14,3.051,3.051,3.011,3.022,2.4155860000000002,6520836
2014-05-15,3.005,3.005,2.902,2.938,2.348442,18917428
2014-05-16,2.959,2.965,2.892,2.951,2.358834,11387225
2014-05-19,2.953,2.968,2.9,2.918,2.332456,12453559
2014-05-20,2.909,2.946,2.898,2.898,2.3164689999999997,19552971
2014-05-21,2.89,2.936,2.864,2.919,2.333255,7945615
2014-05-22,2.928,2.938,2.902,2.903,2.320466,6525354
2014-05-23,2.915,2.943,2.902,2.931,2.342847,8575509
2014-05-26,2.942,2.979,2.94,2.975,2.378018,11865617
2014-05-27,2.971,3.014,2.969,3.001,2.3988009999999997,9448314
2014-05-28,3.006,3.02,2.993,3.0,2.398001,7714036
2014-05-29,3.008,3.01,2.974,2.993,2.3924060000000003,3896370
2014-05-30,2.979,3.009,2.977,2.996,2.394804,15552230
2014-06-02,3.01,3.045,3.002,3.035,2.4259779999999997,7555499
2014-06-03,3.04,3.043,3.0,3.005,2.401998,8468345
2014-06-04,3.0,3.006,2.968,2.982,2.383613,6583667
2014-06-05,2.992,3.035,2.974,3.024,2.417185,12494870
2014-06-06,3.035,3.06,3.025,3.052,2.439567,40208934
2014-06-09,3.049,3.089,3.048,3.075,2.457952,28831049
2014-06-10,3.073,3.123,3.07,3.093,2.472339,22752250
2014-06-11,3.09,3.108,3.063,3.082,2.463546,29903819
2014-06-12,3.088,3.094,3.066,3.08,2.461948,6267982
2014-06-13,3.071,3.08,3.04,3.077,2.459549,48051930
2014-06-16,3.065,3.07,3.019,3.04,2.429975,20361303
2014-06-17,3.047,3.079,3.041,3.06,2.445961,9452148
2014-06-18,3.071,3.084,3.04,3.058,2.444363,32888798
2014-06-19,3.088,3.088,3.055,3.058,2.444363,7823020
2014-06-20,2.99,2.993,2.951,2.951,2.422201,42895283
2014-06-23,2.952,2.965,2.935,2.952,2.423022,52786696
2014-06-24,2.96,2.965,2.92,2.936,2.4098889999999997,27599415
2014-06-25,2.925,2.933,2.892,2.915,2.392652,20227769
2014-06-26,2.93,2.945,2.905,2.945,2.4172759999999998,20937842
2014-06-27,2.946,2.96,2.904,2.914,2.3918310000000003,5983767
2014-06-30,2.92,2.933,2.895,2.911,2.389369,17400808
2014-07-01,2.925,2.938,2.915,2.931,2.405785,11222518
2014-07-02,2.938,2.949,2.922,2.943,2.415634,4218371
2014-07-03,2.946,2.99,2.939,2.981,2.446825,9071829
2014-07-04,2.989,2.989,2.963,2.968,2.436155,3053617
2014-07-07,2.958,2.966,2.916,2.92,2.3967560000000003,5058964
2014-07-08,2.92,2.928,2.837,2.865,2.351611,25086396
2014-07-09,2.876,2.878,2.83,2.842,2.332733,9337905
2014-07-10,2.841,2.844,2.76,2.78,2.281843,12502854
2014-07-11,2.803,2.885,2.801,2.84,2.331091,10209888
2014-07-14,2.863,2.871,2.836,2.853,2.3417619999999997,4647038
2014-07-15,2.849,2.862,2.814,2.828,2.321242,5356667
2014-07-16,2.841,2.892,2.834,2.88,2.3639240000000004,7112348
2014-07-17,2.863,2.875,2.842,2.846,2.336016,6080853
2014-07-18,2.82,2.84,2.813,2.834,2.326167,16544655
2014-07-21,2.84,2.854,2.803,2.848,2.3376580000000002,6366312
2014-07-22,2.865,2.869,2.833,2.861,2.348328,4628717
2014-07-23,2.85,2.879,2.847,2.854,2.3425830000000003,4306484
2014-07-24,2.86,2.922,2.847,2.891,2.372952,14557552
2014-07-25,2.935,2.987,2.914,2.969,2.436975,16666539
2014-07-28,2.98,2.986,2.942,2.959,2.4287669999999997,9403785
2014-07-29,2.97,2.986,2.958,2.964,2.432871,17616500
2014-07-30,2.966,2.981,2.94,2.948,2.419739,5860476
2014-07-31,2.95,2.957,2.87,2.882,2.365565,9677150
2014-08-01,2.875,2.884,2.812,2.837,2.3286290000000003,7535518
2014-08-04,2.854,2.86,2.81,2.83,2.322883,7422647
2014-08-05,2.84,2.845,2.791,2.801,2.29908,7336843
2014-08-06,2.782,2.804,2.74,2.759,2.264606,8577430
2014-08-07,2.759,2.786,2.734,2.741,2.249831,8349029
2014-08-08,2.717,2.773,2.692,2.742,2.250652,9348761
2014-08-11,2.777,2.786,2.756,2.766,2.270352,8431950
2014-08-12,2.772,2.798,2.768,2.78,2.281843,6972529
2014-08-13,2.793,2.804,2.78,2.801,2.29908,6633711
2014-08-14,2.795,2.807,2.771,2.782,2.283484,4056463
2014-08-15,2.789,2.825,2.766,2.777,2.2793799999999997,5542773
2014-08-18,2.809,2.82,2.794,2.81,2.306467,4823978
2014-08-19,2.829,2.83,2.803,2.803,2.300721,2770376
2014-08-20,2.803,2.813,2.79,2.806,2.303184,3530351
2014-08-21,2.814,2.858,2.797,2.854,2.3425830000000003,4384224
2014-08-22,2.858,2.86,2.812,2.831,2.323704,3661084
2014-08-25,2.86,2.865,2.838,2.861,2.348328,3172160
2014-08-26,2.855,2.877,2.845,2.872,2.357357,5865930
2014-08-27,2.874,2.882,2.85,2.86,2.347507,11628337
2014-08-28,2.856,2.864,2.805,2.817,2.3122119999999997,7196069
2014-08-29,2.817,2.853,2.811,2.853,2.3417619999999997,5970591
2014-09-01,2.857,2.861,2.826,2.834,2.326167,9727077
2014-09-02,2.85,2.867,2.837,2.853,2.3417619999999997,5246209
2014-09-03,2.87,2.906,2.855,2.892,2.373773,5193042
2014-09-04,2.885,2.943,2.88,2.935,2.409068,5811187
2014-09-05,2.931,2.947,2.914,2.927,2.402501,7047698
2014-09-08,2.929,2.936,2.899,2.918,2.395114,5110182
2014-09-09,2.904,2.916,2.884,2.895,2.376236,5764411
2014-09-10,2.892,2.898,2.852,2.868,2.354074,7361729
2014-09-11,2.885,2.889,2.841,2.847,2.336837,3903028
2014-09-12,2.86,2.862,2.835,2.844,2.334374,6056773
2014-09-15,2.834,2.845,2.817,2.818,2.313034,3982976
2014-09-16,2.82,2.827,2.8,2.807,2.304004,6068348
2014-09-17,2.819,2.847,2.812,2.842,2.332733,6555051
2014-09-18,2.84,2.876,2.835,2.871,2.356536,6255582
2014-09-19,2.891,2.923,2.87,2.873,2.3581779999999997,7651652
2014-09-22,2.863,2.909,2.857,2.898,2.378698,25525981
2014-09-23,2.9,2.966,2.885,2.924,2.400039,18878038
2014-09-24,2.928,2.93,2.852,2.925,2.4008599999999998,13139369
2014-09-25,2.91,2.94,2.832,2.844,2.334374,18664153
2014-09-26,2.835,2.866,2.81,2.826,2.3196,9465882
2014-09-29,2.826,2.84,2.78,2.786,2.286768,11367899
2014-09-30,2.795,2.812,2.769,2.804,2.301542,10149856
2014-10-01,2.798,2.824,2.774,2.774,2.276918,8657956
2014-10-02,2.774,2.782,2.696,2.696,2.212895,13388207
2014-10-03,2.705,2.741,2.697,2.737,2.2465479999999998,8395989
2014-10-06,2.755,2.779,2.737,2.754,2.2605020000000002,6875109
2014-10-07,2.745,2.75,2.721,2.725,2.236698,8580738
2014-10-08,2.72,2.761,2.72,2.74,2.249011,8883004
2014-10-09,2.779,2.779,2.7,2.715,2.2284900000000003,8870786
2014-10-10,2.7,2.71,2.63,2.634,2.1620049999999997,12418316
2014-10-13,2.625,2.663,2.61,2.634,2.1620049999999997,10488227
2014-10-14,2.615,2.643,2.593,2.636,2.163647,7763296
2014-10-15,2.64,2.64,2.512,2.533,2.079103,12759993
2014-10-16,2.542,2.557,2.399,2.486,2.040525,18333938
2014-10-17,2.504,2.588,2.483,2.588,2.124248,10513420
2014-10-20,2.579,2.588,2.542,2.577,2.1152189999999997,7076538
2014-10-21,2.58,2.676,2.557,2.642,2.168571,10090825
2014-10-22,2.66,2.703,2.643,2.701,2.216999,14737728
2014-10-23,2.7,2.74,2.677,2.736,2.2457279999999997,12377746
2014-10-24,2.723,2.755,2.716,2.739,2.24819,5934477
2014-10-27,2.757,2.77,2.66,2.682,2.201403,8224118
2014-10-28,2.704,2.738,2.692,2.73,2.240803,10374562
2014-10-29,2.747,2.75,2.698,2.708,2.222745,5817037
2014-10-30,2.712,2.726,2.607,2.688,2.206328,9489893
2014-10-31,2.75,2.75,2.708,2.731,2.241623,9312494
2014-11-03,2.733,2.769,2.716,2.737,2.2465479999999998,6539788
2014-11-04,2.737,2.758,2.69,2.707,2.221924,7418738
2014-11-05,2.75,2.829,2.69,2.829,2.322062,14309826
2014-11-06,2.83,2.885,2.808,2.856,2.344224,12460089
2014-11-07,2.867,2.881,2.744,2.787,2.287588,10200457
2014-11-10,2.791,2.837,2.77,2.827,2.320421,6642999
2014-11-11,2.844,2.856,2.825,2.833,2.3253459999999997,7138153
2014-11-12,2.813,2.826,2.739,2.774,2.276918,11232426
2014-11-13,2.782,2.805,2.747,2.769,2.272814,5085410
2014-11-14,2.778,2.781,2.742,2.774,2.276918,4623404
2014-11-17,2.754,2.817,2.737,2.81,2.306467,5005957
2014-11-18,2.818,2.855,2.81,2.848,2.3376580000000002,37687845
2014-11-19,2.847,2.868,2.832,2.852,2.340941,6916987
2014-11-20,2.85,2.86,2.804,2.817,2.3122119999999997,4630013
2014-11-21,2.817,2.905,2.811,2.899,2.3795189999999997,8744932
2014-11-24,2.908,2.949,2.903,2.91,2.388548,5008399
2014-11-25,2.901,2.93,2.894,2.908,2.386906,7851291
2014-11-26,2.906,2.93,2.904,2.91,2.388548,16465764
2014-11-27,2.915,2.949,2.911,2.941,2.413992,6368058
2014-11-28,2.942,2.96,2.926,2.951,2.422201,5026531
2014-12-01,2.941,2.958,2.913,2.936,2.4098889999999997,8785010
2014-12-02,2.956,2.976,2.938,2.976,2.4427209999999997,11714954
2014-12-03,2.98,3.016,2.97,3.012,2.47227,10812770
2014-12-04,3.012,3.024,2.944,2.959,2.4287669999999997,6669932
2014-12-05,3.0,3.039,2.984,3.039,2.494431,36978435
2014-12-08,3.034,3.051,3.017,3.037,2.4927900000000003,109742011
2014-12-09,3.005,3.012,2.948,2.948,2.419739,41783707
2014-12-10,2.977,2.986,2.917,2.932,2.406605,18245147
2014-12-11,2.93,2.953,2.911,2.943,2.415634,4016685
2014-12-12,2.922,2.937,2.839,2.85,2.339299,5659940
2014-12-15,2.801,2.819,2.703,2.703,2.266353,100029935
2014-12-16,2.717,2.742,2.643,2.742,2.299053,47335735
2014-12-17,2.721,2.788,2.71,2.781,2.331753,23323323
2014-12-18,2.839,2.858,2.815,2.857,2.395476,15619691
2014-12-19,2.871,2.889,2.804,2.87,2.406376,10862981
2014-12-22,2.882,2.91,2.856,2.866,2.403022,5634210
2014-12-23,2.88,2.893,2.86,2.893,2.425661,5098303
2014-12-24,2.896,2.898,2.871,2.879,2.413922,828853
2014-12-29,2.883,2.887,2.813,2.859,2.397153,3365497
2014-12-30,2.854,2.854,2.818,2.832,2.374515,4385734
2014-12-31,2.826,2.85,2.813,2.813,2.358584,2331714
2015-01-02,2.843,2.864,2.792,2.843,2.383738,4819263
2015-01-05,2.834,2.852,2.731,2.739,2.296538,6532049
2015-01-06,2.741,2.764,2.701,2.72,2.280607,6202129
2015-01-07,2.736,2.79,2.717,2.763,2.316661,8164783
2015-01-08,2.805,2.83,2.779,2.827,2.3703220000000003,10476560
2015-01-09,2.816,2.835,2.753,2.786,2.335946,11667107
2015-01-12,2.789,2.804,2.753,2.77,2.32253,10830020
2015-01-13,2.765,2.85,2.764,2.834,2.376191,5428823
2015-01-14,2.8,2.85,2.79,2.791,2.340138,6223425
2015-01-15,2.809,2.842,2.712,2.833,2.375353,7372111
2015-01-16,2.821,2.894,2.813,2.883,2.4172759999999998,10102351
2015-01-19,2.901,2.918,2.883,2.905,2.435722,4009711
2015-01-20,2.92,2.939,2.906,2.91,2.439914,8442792
2015-01-21,2.926,2.948,2.885,2.948,2.4717759999999998,8191130
2015-01-22,2.95,3.018,2.938,2.975,2.494414,16380188
2015-01-23,3.0,3.028,2.971,2.985,2.502799,9135005
2015-01-26,2.958,3.075,2.92,3.069,2.57323,10730179
2015-01-27,3.071,3.089,3.004,3.027,2.538014,8277934
2015-01-28,3.051,3.065,3.001,3.021,2.532983,6425038
2015-01-29,2.975,3.002,2.925,2.967,2.487706,11804651
2015-01-30,2.97,2.998,2.959,2.985,2.502799,8047116
2015-02-02,2.985,2.996,2.929,2.964,2.485191,5225511
2015-02-03,2.982,3.03,2.979,3.018,2.530468,11494995
2015-02-04,3.02,3.028,2.982,3.012,2.5254369999999997,5622229
2015-02-05,2.975,2.994,2.95,2.99,2.506991,8765747
2015-02-06,2.992,3.008,2.974,2.985,2.502799,6940424
2015-02-09,2.979,3.01,2.95,2.963,2.484353,8844729
2015-02-10,2.987,3.009,2.958,3.007,2.521245,9083097
2015-02-11,3.02,3.03,2.97,2.972,2.491899,8447056
2015-02-12,2.985,3.066,2.985,3.054,2.560652,11003834
2015-02-13,3.066,3.108,3.061,3.08,2.582452,8468866
2015-02-16,3.087,3.099,3.055,3.074,2.5774209999999997,6470363
2015-02-17,3.036,3.07,3.003,3.062,2.56736,6262082
2015-02-18,3.087,3.117,3.083,3.111,2.608444,13052555
2015-02-19,3.111,3.135,3.082,3.13,2.624376,7430640
2015-02-20,3.125,3.13,3.086,3.119,2.615152,6613650
2015-02-23,3.154,3.159,3.11,3.127,2.62186,5625173
2015-02-24,3.13,3.146,3.1,3.144,2.636114,7781755
2015-02-25,3.147,3.159,3.117,3.125,2.6201830000000004,5039140
2015-02-26,3.113,3.157,3.11,3.148,2.639467,6369796
2015-02-27,3.148,3.155,3.111,3.139,2.6319220000000003,7780166
2015-03-02,3.142,3.174,3.136,3.16,2.6495290000000002,5522592
2015-03-03,3.17,3.178,3.11,3.111,2.608444,6185569
2015-03-04,3.131,3.146,3.102,3.141,2.633598,4900546
2015-03-05,3.15,3.18,3.15,3.174,2.661268,5690786
2015-03-06,3.18,3.192,3.16,3.174,2.661268,5930577
2015-03-09,3.15,3.178,3.143,3.178,2.664621,4055657
2015-03-10,3.17,3.172,3.081,3.093,2.593352,12252739
2015-03-11,3.104,3.137,3.102,3.123,2.618506,7937097
2015-03-12,3.138,3.138,3.103,3.128,2.6226979999999998,13281414
2015-03-13,3.137,3.157,3.13,3.157,2.6470130000000003,5006455
2015-03-16,3.175,3.196,3.163,3.191,2.675521,5621009
2015-03-17,3.196,3.197,3.123,3.166,2.65456,5487156
2015-03-18,3.156,3.184,3.14,3.178,2.664621,5035333
2015-03-19,3.171,3.196,3.16,3.176,2.662945,4913752
2015-03-20,3.174,3.26,3.171,3.245,2.720798,14505473
2015-03-23,3.25,3.288,3.23,3.286,2.755175,8105025
2015-03-24,3.286,3.354,3.277,3.336,2.797097,9104548
2015-03-25,3.33,3.351,3.301,3.323,2.786197,5448905
2015-03-26,3.3,3.313,3.246,3.307,2.772782,6261018
2015-03-27,3.318,3.34,3.308,3.31,2.775298,5186349
2015-03-30,3.325,3.419,3.305,3.394,2.845728,8163887
2015-03-31,3.383,3.411,3.361,3.399,2.8499209999999997,9894968
2015-04-01,3.381,3.467,3.365,3.407,2.8566279999999997,9144570
2015-04-02,3.404,3.457,3.388,3.452,2.894359,4585002
2015-04-07,3.47,3.486,3.45,3.457,2.898551,6402849
2015-04-08,3.464,3.479,3.454,3.469,2.908613,6855250
2015-04-09,3.487,3.5,3.468,3.5,2.934605,5276134
2015-04-10,3.5,3.533,3.469,3.531,2.960597,6945973
2015-04-13,3.532,3.597,3.531,3.584,3.005036,6523838
2015-04-14,3.58,3.611,3.565,3.584,3.005036,9331264
2015-04-15,3.59,3.617,3.539,3.605,3.022643,5872204
2015-04-16,3.61,3.62,3.586,3.597,3.015935,7908922
2015-04-17,3.585,3.607,3.483,3.51,2.94299,10401507
2015-04-20,3.511,3.53,3.411,3.428,2.8742360000000002,14538169
2015-04-21,3.443,3.478,3.44,3.458,2.8993889999999998,7717452
2015-04-22,3.474,3.479,3.402,3.429,2.875074,6249532
2015-04-23,3.424,3.45,3.361,3.391,2.843213,4355452
2015-04-24,3.428,3.445,3.351,3.371,2.826444,5349749
2015-04-27,3.37,3.443,3.339,3.43,2.875913,5732861
2015-04-28,3.43,3.455,3.35,3.382,2.835667,5561763
2015-04-29,3.391,3.392,3.312,3.334,2.7954209999999997,5745106
2015-04-30,3.32,3.346,3.296,3.322,2.785359,7256430
2015-05-04,3.323,3.387,3.291,3.373,2.82812,7731060
2015-05-05,3.36,3.361,3.117,3.155,2.645337,21438633
2015-05-06,3.181,3.219,3.155,3.211,2.6922900000000003,15435156
2015-05-07,3.18,3.219,3.131,3.207,2.688936,10409030
2015-05-08,3.235,3.248,3.19,3.248,2.723313,10383675
2015-05-11,3.25,3.274,3.202,3.222,2.7015130000000003,10064726
2015-05-12,3.2,3.21,3.152,3.177,2.663783,8462598
2015-05-13,3.193,3.213,3.166,3.197,2.680552,6873191
2015-05-14,3.2,3.215,3.162,3.204,2.6864209999999997,5266853
2015-05-15,3.225,3.256,3.21,3.225,2.7040290000000002,4747340
2015-05-18,3.25,3.279,3.225,3.277,2.747629,6070205
2015-05-19,3.29,3.345,3.29,3.31,2.775298,7120042
2015-05-20,3.322,3.344,3.272,3.332,2.793744,6355166
2015-05-21,3.315,3.34,3.303,3.34,2.800451,2928296
2015-05-22,3.345,3.346,3.308,3.326,2.788713,3965450
2015-05-25,3.288,3.29,3.165,3.229,2.707383,4430875
2015-05-26,3.224,3.27,3.175,3.224,2.70319,7433783
2015-05-27,3.229,3.309,3.22,3.298,2.7652360000000002,6424796
2015-05-28,3.293,3.315,3.265,3.301,2.767752,8073867
2015-05-29,3.295,3.31,3.246,3.246,2.721636,16280786
2015-06-01,3.258,3.27,3.199,3.214,2.6948060000000003,20678929
2015-06-02,3.23,3.242,3.181,3.215,2.6956439999999997,6022671
2015-06-03,3.229,3.239,3.197,3.22,2.699836,7229507
2015-06-04,3.182,3.21,3.145,3.175,2.662106,14623260
2015-06-05,3.153,3.184,3.136,3.157,2.6470130000000003,10146681
2015-06-08,3.153,3.168,3.117,3.118,2.614314,5744210
2015-06-09,3.11,3.127,3.067,3.121,2.616829,6025139
2015-06-10,3.1,3.167,3.082,3.15,2.6411439999999997,8906748
2015-06-11,3.151,3.198,3.15,3.175,2.662106,73174710
2015-06-12,3.175,3.175,3.117,3.154,2.644498,64670289
2015-06-15,3.117,3.131,3.085,3.12,2.61599,9863567
2015-06-16,3.095,3.14,3.072,3.136,2.629406,6141713
2015-06-17,3.141,3.157,3.097,3.113,2.610121,8194946
2015-06-18,3.033,3.034,2.972,3.032,2.609261,85405093
2015-06-19,3.026,3.075,3.025,3.075,2.646266,16439263
2015-06-22,3.134,3.19,3.115,3.175,2.732323,19171011
2015-06-23,3.19,3.223,3.172,3.186,2.741789,13375002
2015-06-24,3.195,3.219,3.17,3.187,2.74265,7500816
2015-06-25,3.167,3.219,3.16,3.191,2.746092,8431626
2015-06-26,3.168,3.241,3.15,3.215,2.766746,9975317
2015-06-29,2.94,3.136,2.901,3.105,2.672083,11185544
2015-06-30,3.089,3.128,3.05,3.087,2.656592,7809621
2015-07-01,3.104,3.147,3.08,3.121,2.685852,5774109
2015-07-02,3.123,3.135,3.083,3.084,2.654011,4619794
2015-07-03,3.08,3.098,3.023,3.047,2.622169,7187465
2015-07-06,3.0,3.03,2.98,3.003,2.584304,6354793
2015-07-07,3.018,3.06,2.956,2.971,2.556766,9613798
2015-07-08,2.97,3.016,2.96,3.013,2.59291,5420753
2015-07-09,3.04,3.107,3.03,3.094,2.662616,5800496
2015-07-10,3.15,3.187,3.13,3.181,2.737486,4759752
2015-07-13,3.2,3.235,3.191,3.233,2.782236,6859096
2015-07-14,3.242,3.264,3.211,3.26,2.805471,6271729
2015-07-15,3.264,3.289,3.242,3.277,2.820102,3750980
2015-07-16,3.295,3.337,3.29,3.32,2.857106,9657126
2015-07-17,3.331,3.36,3.315,3.347,2.8803419999999997,7283650
2015-07-20,3.35,3.393,3.347,3.384,2.912183,4574615
2015-07-21,3.339,3.339,3.217,3.239,2.7874,14280898
2015-07-22,3.218,3.256,3.192,3.242,2.789982,6733868
2015-07-23,3.253,3.266,3.214,3.241,2.7891209999999997,5684899
2015-07-24,3.18,3.18,3.02,3.023,2.601516,16453196
2015-07-27,3.0,3.021,2.96,2.96,2.547299,16130723
2015-07-28,2.981,2.984,2.95,2.977,2.561929,10390741
2015-07-29,2.995,2.995,2.937,2.95,2.538693,6311598
2015-07-30,2.972,2.978,2.912,2.937,2.5275060000000003,7712904
2015-07-31,2.946,2.948,2.909,2.926,2.51804,7546814
2015-08-03,2.913,2.943,2.907,2.919,2.512016,5306911
2015-08-04,2.922,2.922,2.851,2.868,2.468127,10111015
2015-08-05,2.88,2.95,2.872,2.949,2.537833,6590777
2015-08-06,2.952,2.99,2.921,2.931,2.5223430000000002,4605769
2015-08-07,2.924,2.951,2.909,2.929,2.520622,5063561
2015-08-10,2.949,2.96,2.904,2.936,2.526646,4174452
2015-08-11,2.935,2.944,2.902,2.904,2.499107,5580934
2015-08-12,2.885,2.89,2.835,2.846,2.449194,6246806
2015-08-13,2.889,2.943,2.878,2.896,2.492223,6084778
2015-08-14,2.894,2.914,2.851,2.86,2.461242,4732778
2015-08-17,2.893,2.9,2.833,2.862,2.4629630000000002,4561188
2015-08-18,2.858,2.877,2.842,2.862,2.4629630000000002,3105174
2015-08-19,2.847,2.847,2.81,2.81,2.418213,3573637
2015-08-20,2.803,2.825,2.76,2.782,2.3941169999999996,6113997
2015-08-21,2.741,2.788,2.684,2.684,2.309781,8686298
2015-08-24,2.61,2.656,2.505,2.596,2.234051,15272080
2015-08-25,2.628,2.68,2.609,2.665,2.29343,7504155
2015-08-26,2.633,2.655,2.606,2.622,2.256426,9796586
2015-08-27,2.672,2.693,2.667,2.672,2.299454,6441317
2015-08-28,2.677,2.686,2.631,2.66,2.289127,6529539
2015-08-31,2.66,2.664,2.615,2.63,2.2633099999999997,5400617
2015-09-01,2.6,2.615,2.552,2.568,2.209955,5766433
2015-09-02,2.574,2.599,2.535,2.535,2.181556,6043563
2015-09-03,2.561,2.588,2.547,2.56,2.20307,9208447
2015-09-04,2.541,2.55,2.511,2.522,2.170368,5307353
2015-09-07,2.534,2.558,2.507,2.51,2.160041,4383221
2015-09-08,2.521,2.568,2.515,2.52,2.168647,6921966
2015-09-09,2.568,2.624,2.558,2.585,2.224584,6267342
2015-09-10,2.569,2.569,2.51,2.521,2.169507,6076296
2015-09-11,2.53,2.53,2.475,2.485,2.138527,4592335
2015-09-14,2.49,2.501,2.462,2.463,2.1195939999999998,3638980
2015-09-15,2.463,2.504,2.449,2.487,2.140248,5974285
2015-09-16,2.51,2.538,2.502,2.536,2.182416,7122318
2015-09-17,2.542,2.561,2.526,2.537,2.1832759999999998,5427857
2015-09-18,2.521,2.527,2.468,2.479,2.133363,6325474
2015-09-21,2.479,2.501,2.467,2.479,2.133363,4060543
2015-09-22,2.482,2.486,2.401,2.401,2.066239,4974510
2015-09-23,2.399,2.427,2.375,2.391,2.057633,8248278
2015-09-24,2.383,2.397,2.302,2.307,1.9853439999999998,10771264
2015-09-25,2.352,2.373,2.343,2.357,2.0283729999999998,7136948
2015-09-28,2.35,2.37,2.284,2.289,1.969854,8159369
2015-09-29,2.267,2.333,2.26,2.303,1.981902,5768150
2015-09-30,2.337,2.345,2.306,2.335,2.00944,6953915
2015-10-01,2.36,2.416,2.342,2.349,2.021489,9682241
2015-10-02,2.374,2.393,2.322,2.356,2.027513,8393494
2015-10-05,2.397,2.479,2.395,2.479,2.133363,8576506
2015-10-06,2.486,2.55,2.462,2.52,2.168647,42132372
2015-10-07,2.538,2.584,2.533,2.558,2.201349,7902195
2015-10-08,2.56,2.603,2.527,2.597,2.234911,5905965
2015-10-09,2.621,2.65,2.605,2.618,2.252983,8839308
2015-10-12,2.614,2.64,2.562,2.584,2.2237240000000003,4969794
2015-10-13,2.57,2.584,2.504,2.521,2.169507,8832190
2015-10-14,2.512,2.536,2.493,2.515,2.164344,5502731
2015-10-15,2.532,2.56,2.522,2.534,2.180695,6055588
2015-10-16,2.554,2.594,2.547,2.592,2.230608,6236086
2015-10-19,2.595,2.615,2.571,2.6,2.237493,4685133
2015-10-20,2.603,2.609,2.554,2.58,2.220281,3793582
2015-10-21,2.595,2.624,2.546,2.623,2.257286,4464043
2015-10-22,2.615,2.68,2.604,2.671,2.298594,5276557
2015-10-23,2.695,2.72,2.671,2.681,2.307199,7618581
2015-10-26,2.683,2.73,2.664,2.707,2.329574,9505358
2015-10-27,2.708,2.708,2.669,2.677,2.303757,7949808
2015-10-28,2.673,2.722,2.662,2.709,2.331295,7231434
2015-10-29,2.725,2.725,2.685,2.719,2.339901,7443818
2015-10-30,2.73,2.731,2.688,2.705,2.3278529999999997,9025424
2015-11-02,2.681,2.75,2.677,2.738,2.356252,9764985
2015-11-03,2.749,2.754,2.705,2.738,2.356252,6477674
2015-11-04,2.738,2.746,2.586,2.6,2.237493,25060876
2015-11-05,2.59,2.598,2.472,2.493,2.145411,25747407
2015-11-06,2.481,2.515,2.458,2.5,2.1514349999999998,11627984
2015-11-09,2.507,2.52,2.486,2.486,2.1393869999999997,6265471
2015-11-10,2.492,2.499,2.444,2.495,2.147132,7286044
2015-11-11,2.496,2.515,2.48,2.508,2.1583200000000002,5851092
2015-11-12,2.51,2.51,2.434,2.448,2.106686,8556563
2015-11-13,2.44,2.474,2.426,2.448,2.106686,4586826
2015-11-16,2.41,2.457,2.409,2.448,2.106686,4738268
2015-11-17,2.47,2.507,2.463,2.485,2.138527,9365260
2015-11-18,2.479,2.527,2.478,2.505,2.155738,12568187
2015-11-19,2.521,2.566,2.521,2.544,2.189301,7335434
2015-11-20,2.558,2.564,2.52,2.538,2.1841369999999998,5635880
2015-11-23,2.54,2.574,2.513,2.56,2.20307,6236543
2015-11-24,2.549,2.556,2.517,2.544,2.189301,5413665
2015-11-25,2.545,2.574,2.531,2.57,2.2116759999999998,6368654
2015-11-26,2.57,2.609,2.559,2.591,2.229748,5183405
2015-11-27,2.59,2.609,2.576,2.594,2.232329,3483259
2015-11-30,2.59,2.607,2.58,2.597,2.234911,7027906
2015-12-01,2.612,2.62,2.594,2.606,2.242656,14007091
2015-12-02,2.618,2.618,2.581,2.593,2.2314689999999997,20695684
2015-12-03,2.583,2.63,2.535,2.537,2.1832759999999998,23359092
2015-12-04,2.526,2.548,2.5,2.538,2.1841369999999998,4897194
2015-12-07,2.553,2.557,2.528,2.531,2.178113,6250313
2015-12-08,2.52,2.534,2.461,2.483,2.136806,104015222
2015-12-09,2.483,2.499,2.441,2.47,2.1256180000000002,5347512
2015-12-10,2.446,2.477,2.421,2.448,2.106686,7602338
2015-12-11,2.435,2.461,2.392,2.417,2.0800080000000003,6625974
2015-12-14,2.42,2.445,2.35,2.358,2.029234,83042286
2015-12-15,2.333,2.379,2.319,2.367,2.090164,108770418
2015-12-16,2.388,2.409,2.352,2.38,2.101643,39148748
2015-12-17,2.438,2.464,2.403,2.408,2.126369,23491657
2015-12-18,2.396,2.432,2.361,2.37,2.092813,10292360
2015-12-21,2.347,2.348,2.281,2.281,2.014222,9166277
2015-12-22,2.304,2.308,2.272,2.298,2.029234,11698009
2015-12-23,2.32,2.371,2.317,2.363,2.086632,5561663
2015-12-24,2.38,2.4,2.366,2.38,2.101643,1645779
2015-12-28,2.38,2.4,2.345,2.35,2.075152,3372106
2015-12-29,2.349,2.382,2.345,2.382,2.10341,3698320
2015-12-30,2.38,2.389,2.357,2.364,2.0875150000000002,3040459
2015-12-31,2.355,2.355,2.312,2.312,2.0415959999999997,3276852
2016-01-04,2.3,2.303,2.228,2.235,1.973602,11028865
2016-01-05,2.268,2.268,2.193,2.241,1.9789,5879407
2016-01-06,2.25,2.282,2.212,2.223,1.963006,7661540
2016-01-07,2.18,2.189,2.127,2.17,1.916204,14193355
2016-01-08,2.173,2.194,2.127,2.129,1.8799990000000002,11857053
2016-01-11,2.112,2.147,2.101,2.106,1.859689,8551580
2016-01-12,2.109,2.149,2.094,2.131,1.8817650000000001,9021757
2016-01-13,2.15,2.192,2.135,2.152,1.900309,5726389
2016-01-14,2.13,2.137,2.086,2.114,1.866754,11049303
2016-01-15,2.11,2.121,2.051,2.065,1.8234849999999998,9240556
2016-01-18,2.059,2.086,2.025,2.031,1.793461,8056423
2016-01-19,2.067,2.087,2.041,2.053,1.812888,7516926
2016-01-20,2.012,2.025,1.974,1.993,1.7599060000000002,9905950
2016-01-21,1.991,2.04,1.974,2.023,1.786397,9983469
2016-01-22,2.07,2.1,2.048,2.076,1.8331979999999999,6826877
2016-01-25,2.09,2.09,2.013,2.027,1.789929,5708970
2016-01-26,2.0,2.054,1.983,2.042,1.803175,6521251
2016-01-27,2.042,2.062,2.021,2.062,1.8208349999999998,3973544
2016-01-28,2.06,2.093,2.015,2.032,1.794344,9536547
2016-01-29,2.064,2.088,2.039,2.059,1.818187,12159802
2016-02-01,2.081,2.082,2.01,2.03,1.7925779999999998,9261309
2016-02-02,2.022,2.025,1.932,1.937,1.7104549999999998,9317550
2016-02-03,1.935,1.943,1.833,1.851,1.6345129999999999,12921489
2016-02-04,1.88,1.922,1.835,1.913,1.6892619999999998,13366911
2016-02-05,1.92,1.978,1.9,1.953,1.7245840000000001,13859916
2016-02-08,1.969,1.984,1.887,1.9,1.6777830000000002,13827868
2016-02-09,1.88,1.892,1.77,1.795,1.5850629999999999,18815938
2016-02-10,1.8,1.833,1.711,1.765,1.5585719999999998,15890495
2016-02-11,1.75,1.75,1.617,1.68,1.4835129999999999,24853431
2016-02-12,1.708,1.723,1.678,1.71,1.5100040000000001,12950695
2016-02-15,1.765,1.792,1.746,1.772,1.564753,9453307
2016-02-16,1.789,1.792,1.711,1.724,1.522367,9552432
2016-02-17,1.723,1.795,1.713,1.785,1.576233,12876362
2016-02-18,1.802,1.825,1.773,1.784,1.5753489999999999,8652565
2016-02-19,1.774,1.788,1.717,1.736,1.5329629999999999,7739158
2016-02-22,1.757,1.8,1.754,1.783,1.574466,6017763
2016-02-23,1.783,1.818,1.761,1.766,1.559455,9715037
2016-02-24,1.77,1.771,1.722,1.729,1.5267819999999999,8437371
2016-02-25,1.758,1.774,1.715,1.723,1.521484,12717376
2016-02-26,1.73,1.803,1.728,1.797,1.586829,10937504
2016-02-29,1.785,1.8,1.753,1.8,1.5894780000000002,11375617
2016-03-01,1.794,1.82,1.783,1.816,1.603607,11817464
2016-03-02,1.832,1.879,1.83,1.865,1.6468759999999998,17847199
2016-03-03,1.878,1.894,1.853,1.882,1.661888,7672773
2016-03-04,1.895,1.958,1.882,1.958,1.7289990000000002,15205139
2016-03-07,1.957,1.97,1.923,1.957,1.728116,11505551
2016-03-08,1.951,1.966,1.924,1.937,1.7104549999999998,13411807
2016-03-09,1.94,1.974,1.926,1.936,1.709572,15396658
2016-03-10,1.937,2.019,1.92,1.926,1.7007419999999998,14777417
2016-03-11,1.966,2.008,1.956,2.002,1.767853,7448757
2016-03-14,2.02,2.085,2.02,2.048,1.808473,18816392
2016-03-15,2.04,2.041,2.002,2.003,1.768736,10280961
2016-03-16,2.017,2.038,1.978,2.034,1.7961099999999999,11174191
2016-03-17,2.057,2.077,1.993,2.041,1.8022919999999998,8014990
2016-03-18,2.057,2.09,2.024,2.076,1.8331979999999999,12271821
2016-03-21,2.062,2.099,2.029,2.035,1.796993,5980865
2016-03-22,2.03,2.044,1.991,2.042,1.803175,6559928
2016-03-23,2.049,2.056,2.0,2.006,1.7713849999999998,6985142
2016-03-24,2.03,2.03,1.946,1.947,1.719286,6380204
2016-03-29,1.97,2.004,1.932,1.94,1.7131040000000002,5683310
2016-03-30,1.956,1.976,1.935,1.937,1.7104549999999998,6658372
2016-03-31,1.932,1.937,1.895,1.899,1.6768990000000001,8228648
2016-04-01,1.879,1.911,1.854,1.87,1.651291,8076136
2016-04-04,1.87,1.89,1.838,1.86,1.642461,9592223
2016-04-05,1.835,1.839,1.791,1.806,1.5947770000000001,11260439
2016-04-06,1.812,1.828,1.783,1.802,1.591244,4420081
2016-04-07,1.802,1.808,1.768,1.785,1.576233,16414219
2016-04-08,1.785,1.844,1.785,1.829,1.615086,7172207
2016-04-11,1.836,1.871,1.81,1.856,1.638929,5082058
2016-04-12,1.866,1.914,1.842,1.889,1.6680689999999998,6377705
2016-04-13,1.926,2.05,1.915,2.047,1.8075900000000003,18397499
2016-04-14,2.055,2.07,2.013,2.064,1.822602,9672375
2016-04-15,2.062,2.116,2.048,2.096,1.850859,11987043
2016-04-18,2.059,2.113,2.036,2.107,1.860573,5847564
2016-04-19,2.186,2.219,2.171,2.208,1.94976,14181458
2016-04-20,2.21,2.325,2.199,2.318,2.046895,11365857
2016-04-21,2.305,2.344,2.262,2.31,2.03983,11196897
2016-04-22,2.319,2.365,2.289,2.355,2.079567,10720501
2016-04-25,2.351,2.36,2.257,2.26,1.9956779999999998,8441651
2016-04-26,2.27,2.314,2.262,2.3,2.031,9258018
2016-04-27,2.265,2.276,2.205,2.239,1.977134,11933513
2016-04-28,2.23,2.29,2.192,2.279,2.0124560000000002,11834651
2016-04-29,2.271,2.286,2.211,2.215,1.955941,8475194
2016-05-02,2.219,2.267,2.212,2.26,1.9956779999999998,4652907
2016-05-03,2.26,2.31,2.148,2.148,1.896777,13868915
2016-05-04,2.14,2.188,2.122,2.15,1.8985439999999998,12138363
2016-05-05,2.16,2.219,2.155,2.178,1.923269,7901703
2016-05-06,2.175,2.201,2.118,2.161,1.9082569999999999,6789718
2016-05-09,2.182,2.243,2.163,2.165,1.911789,7931843
2016-05-10,2.189,2.222,2.176,2.194,1.937398,6892746
2016-05-11,2.198,2.201,2.112,2.127,1.878234,7581163
2016-05-12,2.11,2.162,2.086,2.121,1.8729349999999998,6661186
2016-05-13,2.116,2.157,2.092,2.15,1.8985439999999998,6780513
2016-05-16,2.135,2.139,2.11,2.137,1.8870639999999999,3236525
2016-05-17,2.158,2.193,2.128,2.141,1.890596,5860115
2016-05-18,2.133,2.17,2.111,2.168,1.914438,5639133
2016-05-19,2.174,2.19,2.15,2.157,1.904725,5212379
2016-05-20,2.186,2.205,2.166,2.188,1.9320990000000002,7753456
2016-05-23,2.198,2.203,2.142,2.178,1.923269,4382510
2016-05-24,2.175,2.29,2.16,2.286,2.018637,7511164
2016-05-25,2.311,2.349,2.296,2.34,2.066322,7061193
2016-05-26,2.326,2.347,2.301,2.335,2.061906,3313634
2016-05-27,2.334,2.334,2.292,2.331,2.058374,6460209
2016-05-30,2.33,2.357,2.316,2.351,2.076035,4920774
2016-05-31,2.35,2.357,2.278,2.278,2.011573,8722144
2016-06-01,2.266,2.277,2.216,2.237,1.975368,5507560
2016-06-02,2.246,2.274,2.219,2.243,1.9806669999999997,12020118
2016-06-03,2.255,2.27,2.184,2.197,1.940046,6263143
2016-06-06,2.2,2.232,2.19,2.22,1.9603560000000002,3925610
2016-06-07,2.226,2.282,2.224,2.231,1.97007,5113417
2016-06-08,2.235,2.236,2.2,2.233,1.9718360000000001,3641522
2016-06-09,2.22,2.224,2.166,2.169,1.9153209999999998,5148007
2016-06-10,2.165,2.165,2.042,2.049,1.8093560000000002,38362803
2016-06-13,2.03,2.035,1.985,2.022,1.785514,11216848
2016-06-14,2.0,2.035,1.966,1.977,1.7457770000000001,37037020
2016-06-15,2.01,2.045,1.976,1.976,1.744894,12175610
2016-06-16,1.95,1.976,1.934,1.957,1.728116,19522474
2016-06-17,1.982,2.063,1.982,2.044,1.804941,9385872
2016-06-20,2.134,2.163,2.103,2.103,1.8570400000000002,20560193
2016-06-21,2.04,2.061,2.022,2.046,1.868915,10453412
2016-06-22,2.064,2.126,2.0,2.099,1.917328,9580991
2016-06-23,2.115,2.143,2.066,2.139,1.9538659999999999,36355278
2016-06-24,1.75,1.99,1.75,1.94,1.7720900000000002,35169570
2016-06-27,1.973,2.03,1.837,1.851,1.690793,14292742
2016-06-28,1.92,1.937,1.888,1.894,1.730071,9993554
2016-06-29,1.934,1.949,1.912,1.934,1.766609,10796039
2016-06-30,1.937,1.968,1.906,1.958,1.788532,10618395
2016-07-01,1.989,2.019,1.943,2.0,1.8268970000000002,9331542
2016-07-04,2.02,2.022,1.97,1.978,1.8068009999999999,4386673
2016-07-05,1.964,1.967,1.894,1.906,1.741032,9590455
2016-07-06,1.895,1.919,1.833,1.86,1.699014,6888997
2016-07-07,1.857,1.88,1.831,1.858,1.697187,9049289
2016-07-08,1.861,1.991,1.855,1.99,1.8177619999999999,10637810
2016-07-11,2.009,2.03,1.944,1.989,1.8168490000000002,7132925
2016-07-12,2.0,2.118,1.991,2.105,1.922809,11788535
2016-07-13,2.098,2.11,2.055,2.064,1.885357,11989051
2016-07-14,2.076,2.129,2.061,2.111,1.928289,6791877
2016-07-15,2.1,2.117,2.03,2.072,1.892665,7012505
2016-07-18,2.085,2.119,2.063,2.099,1.917328,4683013
2016-07-19,2.097,2.108,2.025,2.062,1.88353,10079976
2016-07-20,2.082,2.116,2.05,2.112,1.9292029999999998,7083424
2016-07-21,2.118,2.148,2.097,2.117,1.93377,5990900
2016-07-22,2.102,2.115,2.086,2.11,1.9273759999999998,3847552
2016-07-25,2.105,2.136,2.088,2.13,1.945645,5238776
2016-07-26,2.13,2.139,2.09,2.127,1.9429049999999999,5528548
2016-07-27,2.148,2.241,2.14,2.241,2.047038,10284300
2016-07-28,2.24,2.246,2.166,2.176,1.9876639999999999,7509964
2016-07-29,2.178,2.235,2.168,2.192,2.002278,11000490
2016-08-01,2.2,2.216,2.159,2.195,2.005019,6492768
2016-08-02,2.192,2.196,2.112,2.149,1.9630009999999998,7414016
2016-08-03,2.159,2.191,2.143,2.186,1.9967979999999999,7444469
2016-08-04,2.21,2.242,2.205,2.221,2.028769,5203761
2016-08-05,2.222,2.283,2.215,2.275,2.0780950000000002,5597686
2016-08-08,2.286,2.334,2.282,2.311,2.110979,7145241
2016-08-09,2.297,2.349,2.292,2.347,2.143863,5087158
2016-08-10,2.332,2.37,2.323,2.355,2.1511709999999997,4907269
2016-08-11,2.367,2.367,2.327,2.353,2.1493439999999997,3602576
2016-08-12,2.35,2.362,2.334,2.344,2.141123,3315616
2016-08-15,2.35,2.365,2.337,2.353,2.1493439999999997,3068486
2016-08-16,2.336,2.395,2.312,2.345,2.142036,5521487
2016-08-17,2.344,2.355,2.314,2.314,2.1137189999999997,4558929
2016-08-18,2.331,2.35,2.312,2.335,2.132902,4118356
2016-08-19,2.343,2.343,2.284,2.303,2.103671,2827995
2016-08-22,2.293,2.336,2.286,2.304,2.1045849999999997,6192227
2016-08-23,2.318,2.373,2.308,2.365,2.160305,3869274
2016-08-24,2.34,2.377,2.333,2.358,2.153911,4894153
2016-08-25,2.344,2.357,2.316,2.33,2.128334,4154983
2016-08-26,2.325,2.348,2.311,2.334,2.131989,4689882
2016-08-29,2.33,2.35,2.308,2.324,2.1228540000000002,1840207
2016-08-30,2.324,2.376,2.315,2.37,2.164872,3448911
2016-08-31,2.368,2.443,2.366,2.423,2.213285,14760546
2016-09-01,2.437,2.496,2.404,2.416,2.206891,10738874
2016-09-02,2.424,2.439,2.354,2.435,2.224247,6740149
2016-09-05,2.444,2.45,2.398,2.438,2.226987,4254439
2016-09-06,2.45,2.45,2.405,2.413,2.204151,4345408
2016-09-07,2.417,2.447,2.399,2.426,2.216026,3968327
2016-09-08,2.42,2.455,2.396,2.452,2.239775,5163125
2016-09-09,2.438,2.502,2.432,2.473,2.2589580000000002,8431084
2016-09-12,2.432,2.434,2.383,2.418,2.208718,5767448
2016-09-13,2.44,2.448,2.355,2.357,2.1529979999999997,6414450
2016-09-14,2.36,2.381,2.341,2.348,2.144777,4800092
2016-09-15,2.345,2.39,2.342,2.385,2.1785740000000002,7951308
2016-09-16,2.38,2.387,2.331,2.34,2.137469,4363878
2016-09-19,2.359,2.382,2.344,2.38,2.174007,2062097
2016-09-20,2.365,2.395,2.355,2.377,2.171267,2991514
2016-09-21,2.381,2.447,2.374,2.43,2.219679,4918527
2016-09-22,2.45,2.467,2.42,2.446,2.234295,3747991
2016-09-23,2.431,2.437,2.402,2.425,2.215112,3834775
2016-09-26,2.416,2.428,2.361,2.388,2.181314,4118240
2016-09-27,2.41,2.41,2.341,2.36,2.155738,6376470
2016-09-28,2.359,2.412,2.358,2.39,2.1831419999999997,5270434
2016-09-29,2.405,2.453,2.405,2.435,2.224247,6096228
2016-09-30,2.401,2.49,2.342,2.49,2.274486,10065280
2016-10-03,2.483,2.51,2.458,2.488,2.272659,5470402
2016-10-04,2.49,2.528,2.47,2.521,2.302803,8133839
2016-10-05,2.488,2.585,2.474,2.576,2.353043,8085361
2016-10-06,2.571,2.6,2.552,2.577,2.353956,5014115
2016-10-07,2.563,2.59,2.538,2.569,2.346649,5866576
2016-10-10,2.566,2.584,2.531,2.578,2.35487,4479881
2016-10-11,2.581,2.592,2.56,2.566,2.3439080000000003,3965758
2016-10-12,2.579,2.604,2.557,2.59,2.365831,5506652
2016-10-13,2.57,2.59,2.51,2.519,2.300976,8783013
2016-10-14,2.53,2.593,2.529,2.573,2.350303,26796811
2016-10-17,2.55,2.588,2.542,2.547,2.326552,5574473
2016-10-18,2.554,2.584,2.541,2.584,2.36035,4293151
2016-10-19,2.591,2.6,2.573,2.595,2.370398,4193086
2016-10-20,2.6,2.618,2.578,2.615,2.388667,10449959
2016-10-21,2.614,2.619,2.571,2.6,2.374965,4274222
2016-10-24,2.618,2.668,2.606,2.648,2.4188110000000003,4006387
2016-10-25,2.635,2.664,2.635,2.65,2.4206380000000003,12551929
2016-10-26,2.64,2.655,2.616,2.645,2.416071,4915260
2016-10-27,2.644,2.677,2.628,2.677,2.4453009999999997,4473978
2016-10-28,2.658,2.708,2.651,2.7,2.466311,7083728
2016-10-31,2.691,2.707,2.662,2.707,2.472705,8398141
2016-11-01,2.717,2.753,2.696,2.716,2.4809259999999997,5114116
2016-11-02,2.696,2.7,2.636,2.639,2.41059,4421753
2016-11-03,2.633,2.69,2.622,2.67,2.438907,5180563
2016-11-04,2.666,2.667,2.604,2.628,2.4005419999999997,3920257
2016-11-07,2.667,2.687,2.653,2.684,2.451695,4530443
2016-11-08,2.68,2.688,2.652,2.688,2.455349,3812220
2016-11-09,2.55,2.728,2.53,2.728,2.4918869999999997,7764414
2016-11-10,2.67,2.725,2.612,2.639,2.41059,10947129
2016-11-11,2.66,2.71,2.561,2.586,2.362177,8045417
2016-11-14,2.616,2.692,2.615,2.667,2.4361669999999997,6999073
2016-11-15,2.662,2.719,2.632,2.719,2.483666,7168218
2016-11-16,2.714,2.767,2.712,2.73,2.4937139999999998,7386096
2016-11-17,2.715,2.768,2.704,2.76,2.521117,5228917
2016-11-18,2.75,2.765,2.715,2.736,2.4991950000000003,4263539
2016-11-21,2.77,2.798,2.739,2.771,2.531165,5954674
2016-11-22,2.795,2.814,2.772,2.803,2.560396,6251351
2016-11-23,2.799,2.816,2.754,2.798,2.555828,6690335
2016-11-24,2.807,2.813,2.775,2.79,2.548521,2752540
2016-11-25,2.795,2.83,2.779,2.824,2.5795779999999997,3774402
2016-11-28,2.814,2.827,2.781,2.798,2.555828,3813073
2016-11-29,2.798,2.833,2.789,2.822,2.5777509999999997,3582012
2016-11-30,2.817,2.846,2.812,2.83,2.585058,8307593
2016-12-01,2.83,2.86,2.811,2.831,2.585972,5583463
2016-12-02,2.82,2.849,2.811,2.836,2.590539,4859572
2016-12-05,2.81,2.896,2.8,2.896,2.645346,6430578
2016-12-06,2.897,2.913,2.884,2.905,2.653567,5031785
2016-12-07,2.91,2.976,2.91,2.972,2.714768,9658309
2016-12-08,2.979,3.054,2.972,3.044,2.780536,18573896
2016-12-09,3.026,3.062,2.996,3.053,2.788758,7323396
2016-12-12,3.05,3.097,3.045,3.097,2.828949,9545616
2016-12-13,3.095,3.148,3.087,3.13,2.916155,37634062
2016-12-14,3.118,3.137,3.042,3.046,2.837893,41008856
2016-12-15,3.043,3.085,2.931,3.081,2.870502,8782785
2016-12-16,3.08,3.087,3.053,3.062,2.8528,29512400
2016-12-19,3.044,3.05,2.961,2.961,2.758701,6964311
2016-12-20,2.962,2.985,2.871,2.984,2.780129,9039285
2016-12-21,2.926,2.953,2.912,2.93,2.786406,60164166
2016-12-22,2.908,2.93,2.875,2.887,2.7455130000000003,6554670
2016-12-23,2.883,2.926,2.88,2.904,2.76168,5254995
2016-12-27,2.87,2.909,2.87,2.884,2.74266,6315260
2016-12-28,2.872,2.9,2.866,2.89,2.748366,2832940
2016-12-29,2.872,2.895,2.871,2.882,2.740758,2145324
2016-12-30,2.872,2.9,2.872,2.9,2.757876,3267305
2017-01-02,2.89,2.925,2.89,2.9,2.757876,2336900
2017-01-03,2.909,2.96,2.909,2.957,2.8120830000000003,5667730
2017-01-04,2.966,2.98,2.936,2.943,2.798769,4308351
2017-01-05,2.935,2.959,2.922,2.955,2.81018,4906850
2017-01-06,2.941,2.978,2.941,2.96,2.814936,3562210
2017-01-09,2.972,2.975,2.901,2.919,2.775945,3450905
2017-01-10,2.914,2.914,2.891,2.903,2.760729,3503385
2017-01-11,2.904,2.92,2.873,2.879,2.737905,5622330
2017-01-12,2.871,2.877,2.802,2.82,2.681797,8356436
2017-01-13,2.827,2.859,2.815,2.855,2.715081,5999914
2017-01-16,2.85,2.862,2.824,2.853,2.7131790000000002,4809571
2017-01-17,2.851,2.857,2.81,2.822,2.6836990000000003,4960604
2017-01-18,2.831,2.852,2.795,2.804,2.6665810000000003,5557270
2017-01-19,2.807,2.827,2.735,2.746,2.611423,10047745
2017-01-20,2.75,2.756,2.732,2.737,2.602865,5255976
2017-01-23,2.715,2.732,2.655,2.72,2.586698,6158879
2017-01-24,2.719,2.769,2.714,2.769,2.633296,6994866
2017-01-25,2.801,2.872,2.796,2.872,2.731248,22375579
2017-01-26,2.893,2.908,2.873,2.903,2.760729,6554709
2017-01-27,2.901,2.904,2.842,2.867,2.7264939999999998,5280605
2017-01-30,2.852,2.863,2.815,2.82,2.681797,3470373
2017-01-31,2.817,2.859,2.8,2.8,2.662777,4068147
2017-02-01,2.835,2.899,2.831,2.86,2.719836,6880633
2017-02-02,2.859,2.884,2.848,2.858,2.7179349999999998,5030449
2017-02-03,2.869,2.901,2.84,2.898,2.755974,5533496
2017-02-06,2.895,2.919,2.873,2.88,2.738856,6288047
2017-02-07,2.875,2.895,2.848,2.886,2.7445619999999997,4961174
2017-02-08,2.91,2.938,2.783,2.838,2.698915,9683975
2017-02-09,2.85,2.883,2.815,2.877,2.7360029999999997,5649573
2017-02-10,2.89,2.897,2.831,2.884,2.74266,7046503
2017-02-13,2.898,2.92,2.885,2.91,2.767386,3938830
2017-02-14,2.916,2.929,2.898,2.914,2.7711900000000003,6052679
2017-02-15,2.91,2.939,2.9,2.922,2.778798,5404489
2017-02-16,2.917,2.94,2.914,2.936,2.792112,5253064
2017-02-17,2.941,2.957,2.859,2.886,2.7445619999999997,5806913
2017-02-20,2.904,2.918,2.87,2.877,2.7360029999999997,3209582
2017-02-21,2.87,2.925,2.836,2.914,2.7711900000000003,4063103
2017-02-22,2.908,2.934,2.862,2.898,2.755974,4071871
2017-02-23,2.906,2.924,2.886,2.902,2.759778,4597566
2017-02-24,2.9,2.91,2.844,2.87,2.729346,4532028
2017-02-27,2.873,2.899,2.862,2.892,2.750268,4081440
2017-02-28,2.896,2.921,2.87,2.921,2.777847,5360124
2017-03-01,2.921,2.988,2.921,2.977,2.831102,6323752
2017-03-02,2.968,2.982,2.945,2.95,2.8054259999999998,4950975
2017-03-03,2.934,3.026,2.927,3.024,2.875799,6734376
2017-03-06,3.003,3.021,2.98,2.993,2.846318,5120529
2017-03-07,2.992,3.012,2.979,3.003,2.855828,3700228
2017-03-08,2.988,3.046,2.984,3.02,2.871995,9499950
2017-03-09,3.013,3.06,3.001,3.046,2.896721,6346312
2017-03-10,3.06,3.083,3.037,3.04,2.8910150000000003,3880696
2017-03-13,3.047,3.06,3.026,3.058,2.9081330000000003,3015248
2017-03-14,3.068,3.068,3.014,3.027,2.878652,4061369
2017-03-15,3.039,3.085,3.029,3.078,2.9271529999999997,6447734
2017-03-16,3.098,3.129,3.091,3.109,2.956634,7946624
2017-03-17,3.1,3.152,3.097,3.152,2.9975259999999997,10988635
2017-03-20,3.134,3.166,3.13,3.152,2.9975259999999997,3372363
2017-03-21,3.17,3.178,3.116,3.124,2.970898,5513088
2017-03-22,3.1,3.118,3.051,3.101,2.949025,4361823
2017-03-23,3.103,3.147,3.091,3.147,2.992771,3506920
2017-03-24,3.133,3.15,3.115,3.125,2.971849,3768750
2017-03-27,3.092,3.12,3.068,3.118,2.965193,3966134
2017-03-28,3.124,3.2,3.12,3.2,3.043174,5440923
2017-03-29,3.195,3.23,3.166,3.214,3.0564880000000003,6116364
2017-03-30,3.22,3.25,3.201,3.232,3.0736060000000003,6163600
2017-03-31,3.218,3.24,3.198,3.215,3.0574380000000003,4425544
2017-04-03,3.21,3.226,3.153,3.158,3.003232,4747431
2017-04-04,3.146,3.191,3.14,3.191,3.034615,6133942
2017-04-05,3.187,3.215,3.18,3.214,3.0564880000000003,4594019
2017-04-06,3.183,3.219,3.155,3.213,3.0555369999999997,5438274
2017-04-07,3.181,3.216,3.181,3.216,3.05839,4025729
2017-04-10,3.203,3.224,3.185,3.185,3.028909,2701669
2017-04-11,3.176,3.177,3.138,3.16,3.005134,3772929
2017-04-12,3.167,3.215,3.165,3.179,3.023203,4103521
2017-04-13,3.178,3.191,3.152,3.191,3.034615,2982727
2017-04-18,3.218,3.219,3.121,3.141,2.9870650000000003,10059969
2017-04-19,3.144,3.189,3.144,3.178,3.022252,3506864
2017-04-20,3.158,3.207,3.156,3.19,3.033664,8553017
2017-04-21,3.19,3.239,3.189,3.222,3.064095,6320278
2017-04-24,3.26,3.33,3.258,3.303,3.141126,8437975
2017-04-25,3.294,3.31,3.253,3.3,3.138273,5398188
2017-04-26,3.29,3.308,3.275,3.298,3.136371,4116747
2017-04-27,3.299,3.325,3.256,3.301,3.139224,6655524
2017-04-28,3.278,3.349,3.204,3.204,3.0469779999999997,11077324
2017-05-02,3.205,3.224,3.135,3.159,3.0041830000000003,7457676
2017-05-03,3.15,3.168,3.127,3.152,2.9975259999999997,4948951
2017-05-04,3.165,3.228,3.16,3.209,3.051733,6498147
2017-05-05,3.2,3.28,3.2,3.28,3.119253,10172900
2017-05-08,3.29,3.306,3.253,3.267,3.10689,4614262
2017-05-09,3.277,3.287,3.218,3.228,3.069801,4355763
2017-05-10,3.22,3.272,3.215,3.26,3.1002330000000002,5387451
2017-05-11,3.276,3.29,3.236,3.287,3.1259099999999997,6964344
2017-05-12,3.289,3.313,3.278,3.297,3.13542,5344954
2017-05-15,3.318,3.347,3.314,3.336,3.172508,4800775
2017-05-16,3.326,3.345,3.308,3.309,3.146832,6773150
2017-05-17,3.288,3.321,3.22,3.221,3.063144,4302756
2017-05-18,3.21,3.21,3.037,3.065,2.91479,14347942
2017-05-19,3.075,3.115,3.07,3.115,2.962339,6557902
2017-05-22,3.12,3.127,3.086,3.106,2.95378,3999462
2017-05-23,3.098,3.136,3.092,3.115,2.962339,4483558
2017-05-24,3.112,3.13,3.105,3.123,2.9699470000000003,3373211
2017-05-25,3.154,3.154,3.112,3.124,2.970898,2983262
2017-05-26,3.125,3.142,3.105,3.133,2.979457,2636031
2017-05-29,3.118,3.16,3.103,3.158,3.003232,4292708
2017-05-30,3.148,3.16,3.123,3.142,2.988016,3789741
2017-05-31,3.147,3.209,3.139,3.166,3.01084,9601762
2017-06-01,3.173,3.199,3.159,3.192,3.0355659999999998,4345896
2017-06-02,3.208,3.242,3.187,3.193,3.036517,4300292
2017-06-05,3.193,3.2,3.162,3.178,3.022252,2224047
2017-06-06,3.151,3.167,3.125,3.141,2.9870650000000003,5551833
2017-06-07,3.127,3.204,3.102,3.186,3.0298599999999998,4337302
2017-06-08,3.2,3.21,3.159,3.173,3.017497,4712221
2017-06-09,3.174,3.22,3.166,3.218,3.060291,6082958
2017-06-12,3.226,3.226,3.178,3.216,3.05839,77040766
2017-06-13,3.219,3.248,3.207,3.243,3.084066,24438891
2017-06-14,3.25,3.288,3.238,3.251,3.0916740000000003,46032417
2017-06-15,3.252,3.258,3.147,3.154,2.999428,10204086
2017-06-16,3.099,3.119,3.052,3.09,3.020838,19968434
2017-06-19,3.109,3.2,3.102,3.183,3.111756,46045505
2017-06-20,3.189,3.22,3.156,3.159,3.088293,41523011
2017-06-21,3.14,3.145,3.066,3.119,3.049189,46123197
2017-06-22,3.12,3.12,3.078,3.101,3.031592,7580891
2017-06-23,3.099,3.105,3.032,3.057,2.9885759999999997,4174370
2017-06-26,3.062,3.091,3.042,3.042,2.973912,4014646
2017-06-27,3.043,3.069,3.021,3.028,2.960226,7026936
2017-06-28,3.021,3.114,3.005,3.103,3.033547,5890860
2017-06-29,3.113,3.137,3.071,3.077,3.0081290000000003,3400398
2017-06-30,3.075,3.102,3.049,3.058,2.989554,3940817
2017-07-03,3.069,3.133,3.069,3.12,3.050166,3520733
2017-07-04,3.11,3.162,3.098,3.141,3.070696,3606691
2017-07-05,3.124,3.193,3.124,3.149,3.0785169999999997,5503821
2017-07-06,3.145,3.172,3.14,3.172,3.1010020000000003,5839081
2017-07-07,3.18,3.18,3.138,3.174,3.102958,2833281
2017-07-10,3.18,3.202,3.154,3.198,3.12642,4195156
2017-07-11,3.193,3.215,3.141,3.141,3.070696,5385263
2017-07-12,3.144,3.167,3.137,3.15,3.079495,4420086
2017-07-13,3.17,3.24,3.168,3.24,3.16748,5575408
2017-07-14,3.23,3.241,3.199,3.209,3.1371740000000004,3122390
2017-07-17,3.223,3.233,3.203,3.216,3.144018,2421325
2017-07-18,3.21,3.215,3.145,3.155,3.0843830000000003,4360507
2017-07-19,3.181,3.187,3.131,3.184,3.112734,3677869
2017-07-20,3.19,3.199,3.158,3.172,3.1010020000000003,2985632
2017-07-21,3.172,3.186,3.127,3.142,3.0716740000000002,2018306
2017-07-24,3.142,3.187,3.112,3.178,3.106868,3865542
2017-07-25,3.178,3.23,3.174,3.202,3.130331,4494963
2017-07-26,3.16,3.16,3.103,3.139,3.068741,6154857
2017-07-27,3.14,3.165,3.115,3.163,3.092204,6482077
2017-07-28,3.143,3.185,3.133,3.185,3.113712,5209380
2017-07-31,3.178,3.19,3.122,3.151,3.0804720000000003,5254218
2017-08-01,3.173,3.194,3.158,3.17,3.099047,4051677
2017-08-02,3.175,3.187,3.146,3.15,3.079495,3788466
2017-08-03,3.142,3.173,3.112,3.151,3.0804720000000003,4239469
2017-08-04,3.136,3.183,3.131,3.167,3.096114,3804359
2017-08-07,3.176,3.181,3.154,3.175,3.103935,2796999
2017-08-08,3.167,3.198,3.165,3.18,3.1088240000000003,2415748
2017-08-09,3.155,3.178,3.096,3.141,3.070696,4596801
2017-08-10,3.145,3.155,3.101,3.114,3.044301,3683037
2017-08-11,3.09,3.09,3.032,3.06,2.991509,3671838
2017-08-14,3.075,3.113,3.07,3.088,3.018883,2897264
2017-08-15,3.101,3.107,3.06,3.06,2.991509,2628186
2017-08-16,3.065,3.102,3.055,3.098,3.028659,3823101
2017-08-17,3.092,3.092,3.026,3.043,2.9748900000000003,8344628
2017-08-18,3.02,3.037,3.01,3.027,2.959248,3526118
2017-08-21,3.02,3.05,3.007,3.018,2.9504490000000003,3020652
2017-08-22,3.042,3.051,3.016,3.051,2.982711,3238324
2017-08-23,3.05,3.058,3.016,3.018,2.9504490000000003,2725461
2017-08-24,3.026,3.044,3.017,3.035,2.967069,2514848
2017-08-25,3.042,3.045,3.02,3.023,2.9553380000000002,2237216
2017-08-28,3.021,3.022,2.99,2.99,2.923076,2144913
2017-08-29,2.969,2.969,2.905,2.922,2.856598,5609862
2017-08-30,2.947,2.97,2.937,2.963,2.896681,3257821
2017-08-31,2.958,2.975,2.92,2.973,2.906457,7283309
2017-09-01,2.963,2.99,2.96,2.97,2.903524,2854114
2017-09-04,2.95,2.971,2.944,2.946,2.880061,1762382
2017-09-05,2.938,2.954,2.903,2.903,2.8380240000000003,2821549
2017-09-06,2.891,2.891,2.843,2.858,2.794031,4687851
2017-09-07,2.871,2.878,2.842,2.85,2.78621,3929599
2017-09-08,2.843,2.849,2.804,2.825,2.7617689999999997,4102355
2017-09-11,2.852,2.916,2.85,2.914,2.848777,3799358
2017-09-12,2.92,2.955,2.911,2.94,2.8741950000000003,9268985
2017-09-13,2.934,2.949,2.92,2.92,2.854643,4061917
2017-09-14,2.92,2.92,2.884,2.896,2.83118,3033558
2017-09-15,2.89,2.905,2.864,2.873,2.808695,4302919
2017-09-18,2.895,2.913,2.88,2.882,2.8174930000000002,3398400
2017-09-19,2.884,2.9,2.875,2.881,2.816516,4565837
2017-09-20,2.869,2.885,2.839,2.847,2.783277,4713450
2017-09-21,2.86,2.885,2.819,2.819,2.755903,3695702
2017-09-22,2.817,2.851,2.807,2.843,2.779366,2717676
2017-09-25,2.826,2.84,2.753,2.753,2.6913810000000002,5355662
2017-09-26,2.75,2.75,2.675,2.682,2.62197,7806618
2017-09-27,2.714,2.827,2.711,2.821,2.757859,6723151
2017-09-28,2.77,2.77,2.727,2.736,2.674761,8923763
2017-09-29,2.745,2.764,2.726,2.754,2.692358,6387406
2017-10-02,2.73,2.74,2.703,2.722,2.661075,4643109
2017-10-03,2.715,2.729,2.675,2.691,2.630769,4758884
2017-10-04,2.69,2.691,2.647,2.677,2.617082,8973351
2017-10-05,2.68,2.755,2.667,2.751,2.689425,6400916
2017-10-06,2.76,2.765,2.727,2.765,2.703112,4067558
2017-10-09,2.768,2.795,2.726,2.74,2.678672,7185017
2017-10-10,2.726,2.747,2.709,2.747,2.685515,4597183
2017-10-11,2.779,2.79,2.73,2.73,2.6688959999999997,10659008
2017-10-12,2.733,2.737,2.67,2.67,2.610239,7180544
2017-10-13,2.667,2.692,2.641,2.641,2.581888,5466834
2017-10-16,2.65,2.651,2.624,2.645,2.585798,3979839
2017-10-17,2.644,2.669,2.623,2.627,2.5682009999999997,5876657
2017-10-18,2.621,2.665,2.621,2.655,2.595574,9362590
2017-10-19,2.65,2.689,2.65,2.664,2.604373,5398125
2017-10-20,2.663,2.698,2.66,2.69,2.629791,4133995
2017-10-23,2.679,2.691,2.652,2.652,2.592641,4111640
2017-10-24,2.651,2.733,2.65,2.71,2.649343,9187983
2017-10-25,2.698,2.702,2.661,2.662,2.602417,5937893
2017-10-26,2.66,2.828,2.64,2.753,2.6913810000000002,12342104
2017-10-27,2.763,2.77,2.67,2.685,2.6249029999999998,6707093
2017-10-30,2.736,2.825,2.728,2.774,2.711911,9186194
2017-10-31,2.8,2.846,2.747,2.809,2.746127,8026760
2017-11-01,2.826,2.85,2.812,2.812,2.74906,6927896
2017-11-02,2.81,2.829,2.801,2.808,2.74515,4655587
2017-11-03,2.808,2.808,2.731,2.738,2.676717,4951550
2017-11-06,2.745,2.76,2.709,2.723,2.662052,4697676
2017-11-07,2.736,2.76,2.69,2.697,2.636634,5748681
2017-11-08,2.702,2.702,2.658,2.681,2.6209919999999998,9532581
2017-11-09,2.682,2.753,2.682,2.732,2.670851,9547036
2017-11-10,2.731,2.744,2.706,2.722,2.661075,7785098
2017-11-13,2.725,2.725,2.69,2.705,2.644455,5754627
2017-11-14,2.709,2.722,2.673,2.706,2.645433,5816646
2017-11-15,2.688,2.74,2.662,2.735,2.673784,5689073
2017-11-16,2.753,2.776,2.724,2.762,2.70018,6480825
2017-11-17,2.77,2.786,2.751,2.757,2.695291,7489483
2017-11-20,2.75,2.764,2.729,2.756,2.694314,4606055
2017-11-21,2.757,2.77,2.726,2.726,2.6649849999999997,4548690
2017-11-22,2.734,2.769,2.732,2.738,2.676717,4204320
2017-11-23,2.734,2.736,2.704,2.726,2.6649849999999997,3317722
2017-11-24,2.721,2.757,2.694,2.754,2.692358,5770871
2017-11-27,2.755,2.838,2.755,2.813,2.750038,6907772
2017-11-28,2.818,2.831,2.793,2.818,2.7549259999999998,5977299
2017-11-29,2.841,2.875,2.824,2.856,2.792075,13104325
2017-11-30,2.867,2.868,2.816,2.826,2.762747,8508214
2017-12-01,2.85,2.851,2.778,2.788,2.7255979999999997,9546559
2017-12-04,2.818,2.832,2.789,2.814,2.751015,4843133
2017-12-05,2.816,2.82,2.777,2.78,2.717777,21995812
2017-12-06,2.761,2.765,2.715,2.742,2.680627,63114061
2017-12-07,2.742,2.749,2.703,2.715,2.6542310000000002,45913109
2017-12-08,2.73,2.755,2.715,2.719,2.658142,6263789
2017-12-11,2.732,2.732,2.671,2.703,2.6425,11085054
2017-12-12,2.666,2.68,2.652,2.661,2.661,20862681
2017-12-13,2.671,2.678,2.65,2.65,2.65,43792918
2017-12-14,2.642,2.698,2.635,2.666,2.666,33314926
2017-12-15,2.659,2.688,2.635,2.657,2.657,26800647
2017-12-18,2.664,2.743,2.664,2.728,2.728,9160274
2017-12-19,2.723,2.738,2.712,2.712,2.712,6857772
2017-12-20,2.707,2.721,2.664,2.664,2.664,6940867
2017-12-21,2.663,2.706,2.647,2.706,2.706,5771227
2017-12-22,2.66,2.706,2.66,2.689,2.689,2595017
2017-12-27,2.684,2.7,2.68,2.69,2.69,2031849
2017-12-28,2.696,2.698,2.671,2.684,2.684,2191338
2017-12-29,2.685,2.69,2.661,2.678,2.678,2693085
